
> client@0.1.0 start
> react-scripts start

(node:11760) [DEP0176] DeprecationWarning: fs.F_OK is deprecated, use fs.constants.F_OK instead
(Use `node --trace-deprecation ...` to show where the warning was created)
Browserslist: browsers data (caniuse-lite) is 16 months old. Please run:
  npx update-browserslist-db@latest
  Why you should do it regularly: https://github.com/browserslist/update-db#readme
(node:11760) [DEP_WEBPACK_DEV_SERVER_ON_AFTER_SETUP_MIDDLEWARE] DeprecationWarning: 'onAfterSetupMiddleware' option is deprecated. Please use the 'setupMiddlewares' option.
(node:11760) [DEP_WEBPACK_DEV_SERVER_ON_BEFORE_SETUP_MIDDLEWARE] DeprecationWarning: 'onBeforeSetupMiddleware' option is deprecated. Please use the 'setupMiddlewares' option.
Starting the development server...

Compiled successfully!

You can now view client in the browser.

  Local:            http://localhost:3000
  On Your Network:  http://192.168.1.2:3000

Note that the development build is not optimized.
To create a production build, use npm run build.

webpack compiled [1m[32msuccessfully[39m[22m
Compiling...
Compiled successfully!
webpack compiled [1m[32msuccessfully[39m[22m
Compiling...
Compiled successfully!
webpack compiled [1m[32msuccessfully[39m[22m
Compiling...
Compiled with warnings.

[eslint] 
src\RolesDashboard\UserDash.js
  Line 5:81:   'TablePagination' is defined but never used                                                                       no-unused-vars
  Line 15:8:   'TableToolbar' is defined but never used                                                                          no-unused-vars
  Line 16:8:   'useTableControls' is defined but never used                                                                      no-unused-vars
  Line 43:10:  'isUploaded' is assigned a value but never used                                                                   no-unused-vars
  Line 132:6:  React Hook useEffect has a missing dependency: 'config'. Either include it or remove the dependency array         react-hooks/exhaustive-deps
  Line 163:6:  React Hook useEffect has a missing dependency: 'token'. Either include it or remove the dependency array          react-hooks/exhaustive-deps
  Line 259:6:  React Hook useEffect has a missing dependency: 'config'. Either include it or remove the dependency array         react-hooks/exhaustive-deps
  Line 308:6:  React Hook useEffect has a missing dependency: 'fetchAllChats'. Either include it or remove the dependency array  react-hooks/exhaustive-deps
  Line 317:6:  React Hook useEffect has a missing dependency: 'fetchMessages'. Either include it or remove the dependency array  react-hooks/exhaustive-deps

Search for the keywords to learn more about each warning.
To ignore, add // eslint-disable-next-line to the line before.

[1m[33mWARNING[39m[22m in [1m[eslint] 
src\RolesDashboard\UserDash.js
  Line 5:81:   'TablePagination' is defined but never used                                                                       no-unused-vars
  Line 15:8:   'TableToolbar' is defined but never used                                                                          no-unused-vars
  Line 16:8:   'useTableControls' is defined but never used                                                                      no-unused-vars
  Line 43:10:  'isUploaded' is assigned a value but never used                                                                   no-unused-vars
  Line 132:6:  React Hook useEffect has a missing dependency: 'config'. Either include it or remove the dependency array         react-hooks/exhaustive-deps
  Line 163:6:  React Hook useEffect has a missing dependency: 'token'. Either include it or remove the dependency array          react-hooks/exhaustive-deps
  Line 259:6:  React Hook useEffect has a missing dependency: 'config'. Either include it or remove the dependency array         react-hooks/exhaustive-deps
  Line 308:6:  React Hook useEffect has a missing dependency: 'fetchAllChats'. Either include it or remove the dependency array  react-hooks/exhaustive-deps
  Line 317:6:  React Hook useEffect has a missing dependency: 'fetchMessages'. Either include it or remove the dependency array  react-hooks/exhaustive-deps

[39m[22m

webpack compiled with [1m[33m1 warning[39m[22m
Compiling...
Compiled with warnings.

[eslint] 
src\RolesDashboard\UserDash.js
  Line 5:81:   'TablePagination' is defined but never used                                                                       no-unused-vars
  Line 15:8:   'TableToolbar' is defined but never used                                                                          no-unused-vars
  Line 43:10:  'isUploaded' is assigned a value but never used                                                                   no-unused-vars
  Line 86:9:   'adoptionsTable' is assigned a value but never used                                                               no-unused-vars
  Line 87:9:   'appointmentsTable' is assigned a value but never used                                                            no-unused-vars
  Line 88:9:   'recordsTable' is assigned a value but never used                                                                 no-unused-vars
  Line 89:9:   'ordersTable' is assigned a value but never used                                                                  no-unused-vars
  Line 90:9:   'petsTable' is assigned a value but never used                                                                    no-unused-vars
  Line 138:6:  React Hook useEffect has a missing dependency: 'config'. Either include it or remove the dependency array         react-hooks/exhaustive-deps
  Line 169:6:  React Hook useEffect has a missing dependency: 'token'. Either include it or remove the dependency array          react-hooks/exhaustive-deps
  Line 265:6:  React Hook useEffect has a missing dependency: 'config'. Either include it or remove the dependency array         react-hooks/exhaustive-deps
  Line 314:6:  React Hook useEffect has a missing dependency: 'fetchAllChats'. Either include it or remove the dependency array  react-hooks/exhaustive-deps
  Line 323:6:  React Hook useEffect has a missing dependency: 'fetchMessages'. Either include it or remove the dependency array  react-hooks/exhaustive-deps

Search for the keywords to learn more about each warning.
To ignore, add // eslint-disable-next-line to the line before.

[1m[33mWARNING[39m[22m in [1m[eslint] 
src\RolesDashboard\UserDash.js
  Line 5:81:   'TablePagination' is defined but never used                                                                       no-unused-vars
  Line 15:8:   'TableToolbar' is defined but never used                                                                          no-unused-vars
  Line 43:10:  'isUploaded' is assigned a value but never used                                                                   no-unused-vars
  Line 86:9:   'adoptionsTable' is assigned a value but never used                                                               no-unused-vars
  Line 87:9:   'appointmentsTable' is assigned a value but never used                                                            no-unused-vars
  Line 88:9:   'recordsTable' is assigned a value but never used                                                                 no-unused-vars
  Line 89:9:   'ordersTable' is assigned a value but never used                                                                  no-unused-vars
  Line 90:9:   'petsTable' is assigned a value but never used                                                                    no-unused-vars
  Line 138:6:  React Hook useEffect has a missing dependency: 'config'. Either include it or remove the dependency array         react-hooks/exhaustive-deps
  Line 169:6:  React Hook useEffect has a missing dependency: 'token'. Either include it or remove the dependency array          react-hooks/exhaustive-deps
  Line 265:6:  React Hook useEffect has a missing dependency: 'config'. Either include it or remove the dependency array         react-hooks/exhaustive-deps
  Line 314:6:  React Hook useEffect has a missing dependency: 'fetchAllChats'. Either include it or remove the dependency array  react-hooks/exhaustive-deps
  Line 323:6:  React Hook useEffect has a missing dependency: 'fetchMessages'. Either include it or remove the dependency array  react-hooks/exhaustive-deps

[39m[22m

webpack compiled with [1m[33m1 warning[39m[22m
Compiling...
Compiled with warnings.

[eslint] 
src\RolesDashboard\UserDash.js
  Line 43:10:   'isUploaded' is assigned a value but never used                                                                   no-unused-vars
  Line 138:6:   React Hook useEffect has a missing dependency: 'config'. Either include it or remove the dependency array         react-hooks/exhaustive-deps
  Line 169:6:   React Hook useEffect has a missing dependency: 'token'. Either include it or remove the dependency array          react-hooks/exhaustive-deps
  Line 265:6:   React Hook useEffect has a missing dependency: 'config'. Either include it or remove the dependency array         react-hooks/exhaustive-deps
  Line 314:6:   React Hook useEffect has a missing dependency: 'fetchAllChats'. Either include it or remove the dependency array  react-hooks/exhaustive-deps
  Line 323:6:   React Hook useEffect has a missing dependency: 'fetchMessages'. Either include it or remove the dependency array  react-hooks/exhaustive-deps
  Line 544:11:  'tableStyles' is assigned a value but never used                                                                  no-unused-vars

Search for the keywords to learn more about each warning.
To ignore, add // eslint-disable-next-line to the line before.

[1m[33mWARNING[39m[22m in [1m[eslint] 
src\RolesDashboard\UserDash.js
  Line 43:10:   'isUploaded' is assigned a value but never used                                                                   no-unused-vars
  Line 138:6:   React Hook useEffect has a missing dependency: 'config'. Either include it or remove the dependency array         react-hooks/exhaustive-deps
  Line 169:6:   React Hook useEffect has a missing dependency: 'token'. Either include it or remove the dependency array          react-hooks/exhaustive-deps
  Line 265:6:   React Hook useEffect has a missing dependency: 'config'. Either include it or remove the dependency array         react-hooks/exhaustive-deps
  Line 314:6:   React Hook useEffect has a missing dependency: 'fetchAllChats'. Either include it or remove the dependency array  react-hooks/exhaustive-deps
  Line 323:6:   React Hook useEffect has a missing dependency: 'fetchMessages'. Either include it or remove the dependency array  react-hooks/exhaustive-deps
  Line 544:11:  'tableStyles' is assigned a value but never used                                                                  no-unused-vars

[39m[22m

webpack compiled with [1m[33m1 warning[39m[22m
Compiling...
Compiled with warnings.

[eslint] 
src\RolesDashboard\UserDash.js
  Line 43:10:  'isUploaded' is assigned a value but never used                                                                   no-unused-vars
  Line 138:6:  React Hook useEffect has a missing dependency: 'config'. Either include it or remove the dependency array         react-hooks/exhaustive-deps
  Line 169:6:  React Hook useEffect has a missing dependency: 'token'. Either include it or remove the dependency array          react-hooks/exhaustive-deps
  Line 265:6:  React Hook useEffect has a missing dependency: 'config'. Either include it or remove the dependency array         react-hooks/exhaustive-deps
  Line 314:6:  React Hook useEffect has a missing dependency: 'fetchAllChats'. Either include it or remove the dependency array  react-hooks/exhaustive-deps
  Line 323:6:  React Hook useEffect has a missing dependency: 'fetchMessages'. Either include it or remove the dependency array  react-hooks/exhaustive-deps

Search for the keywords to learn more about each warning.
To ignore, add // eslint-disable-next-line to the line before.

[1m[33mWARNING[39m[22m in [1m[eslint] 
src\RolesDashboard\UserDash.js
  Line 43:10:  'isUploaded' is assigned a value but never used                                                                   no-unused-vars
  Line 138:6:  React Hook useEffect has a missing dependency: 'config'. Either include it or remove the dependency array         react-hooks/exhaustive-deps
  Line 169:6:  React Hook useEffect has a missing dependency: 'token'. Either include it or remove the dependency array          react-hooks/exhaustive-deps
  Line 265:6:  React Hook useEffect has a missing dependency: 'config'. Either include it or remove the dependency array         react-hooks/exhaustive-deps
  Line 314:6:  React Hook useEffect has a missing dependency: 'fetchAllChats'. Either include it or remove the dependency array  react-hooks/exhaustive-deps
  Line 323:6:  React Hook useEffect has a missing dependency: 'fetchMessages'. Either include it or remove the dependency array  react-hooks/exhaustive-deps

[39m[22m

webpack compiled with [1m[33m1 warning[39m[22m
Compiling...
Compiled with warnings.

[eslint] 
src\RolesDashboard\UserDash.js
  Line 43:10:  'isUploaded' is assigned a value but never used                                                                   no-unused-vars
  Line 138:6:  React Hook useEffect has a missing dependency: 'config'. Either include it or remove the dependency array         react-hooks/exhaustive-deps
  Line 169:6:  React Hook useEffect has a missing dependency: 'token'. Either include it or remove the dependency array          react-hooks/exhaustive-deps
  Line 265:6:  React Hook useEffect has a missing dependency: 'config'. Either include it or remove the dependency array         react-hooks/exhaustive-deps
  Line 314:6:  React Hook useEffect has a missing dependency: 'fetchAllChats'. Either include it or remove the dependency array  react-hooks/exhaustive-deps
  Line 323:6:  React Hook useEffect has a missing dependency: 'fetchMessages'. Either include it or remove the dependency array  react-hooks/exhaustive-deps

src\RolesDashboard\VetDash.js
  Line 4:24:    'TablePagination' is defined but never used                                                                             no-unused-vars
  Line 17:8:    'TableToolbar' is defined but never used                                                                                no-unused-vars
  Line 18:8:    'useTableControls' is defined but never used                                                                            no-unused-vars
  Line 73:37:   React Hook useEffect has a missing dependency: 'fetchData'. Either include it or remove the dependency array            react-hooks/exhaustive-deps
  Line 74:47:   React Hook useEffect has a missing dependency: 'fetchAvailableSlots'. Either include it or remove the dependency array  react-hooks/exhaustive-deps
  Line 120:6:   React Hook useEffect has a missing dependency: 'config'. Either include it or remove the dependency array               react-hooks/exhaustive-deps
  Line 132:38:  React Hook useEffect has a missing dependency: 'fetchUsers'. Either include it or remove the dependency array           react-hooks/exhaustive-deps
  Line 270:6:   React Hook useEffect has a missing dependency: 'fetchAllChats'. Either include it or remove the dependency array        react-hooks/exhaustive-deps
  Line 279:6:   React Hook useEffect has a missing dependency: 'fetchMessages'. Either include it or remove the dependency array        react-hooks/exhaustive-deps

Search for the keywords to learn more about each warning.
To ignore, add // eslint-disable-next-line to the line before.

[1m[33mWARNING[39m[22m in [1m[eslint] 
src\RolesDashboard\UserDash.js
  Line 43:10:  'isUploaded' is assigned a value but never used                                                                   no-unused-vars
  Line 138:6:  React Hook useEffect has a missing dependency: 'config'. Either include it or remove the dependency array         react-hooks/exhaustive-deps
  Line 169:6:  React Hook useEffect has a missing dependency: 'token'. Either include it or remove the dependency array          react-hooks/exhaustive-deps
  Line 265:6:  React Hook useEffect has a missing dependency: 'config'. Either include it or remove the dependency array         react-hooks/exhaustive-deps
  Line 314:6:  React Hook useEffect has a missing dependency: 'fetchAllChats'. Either include it or remove the dependency array  react-hooks/exhaustive-deps
  Line 323:6:  React Hook useEffect has a missing dependency: 'fetchMessages'. Either include it or remove the dependency array  react-hooks/exhaustive-deps

src\RolesDashboard\VetDash.js
  Line 4:24:    'TablePagination' is defined but never used                                                                             no-unused-vars
  Line 17:8:    'TableToolbar' is defined but never used                                                                                no-unused-vars
  Line 18:8:    'useTableControls' is defined but never used                                                                            no-unused-vars
  Line 73:37:   React Hook useEffect has a missing dependency: 'fetchData'. Either include it or remove the dependency array            react-hooks/exhaustive-deps
  Line 74:47:   React Hook useEffect has a missing dependency: 'fetchAvailableSlots'. Either include it or remove the dependency array  react-hooks/exhaustive-deps
  Line 120:6:   React Hook useEffect has a missing dependency: 'config'. Either include it or remove the dependency array               react-hooks/exhaustive-deps
  Line 132:38:  React Hook useEffect has a missing dependency: 'fetchUsers'. Either include it or remove the dependency array           react-hooks/exhaustive-deps
  Line 270:6:   React Hook useEffect has a missing dependency: 'fetchAllChats'. Either include it or remove the dependency array        react-hooks/exhaustive-deps
  Line 279:6:   React Hook useEffect has a missing dependency: 'fetchMessages'. Either include it or remove the dependency array        react-hooks/exhaustive-deps

[39m[22m

webpack compiled with [1m[33m1 warning[39m[22m
Compiling...
Compiled with warnings.

[eslint] 
src\RolesDashboard\UserDash.js
  Line 43:10:  'isUploaded' is assigned a value but never used                                                                   no-unused-vars
  Line 138:6:  React Hook useEffect has a missing dependency: 'config'. Either include it or remove the dependency array         react-hooks/exhaustive-deps
  Line 169:6:  React Hook useEffect has a missing dependency: 'token'. Either include it or remove the dependency array          react-hooks/exhaustive-deps
  Line 265:6:  React Hook useEffect has a missing dependency: 'config'. Either include it or remove the dependency array         react-hooks/exhaustive-deps
  Line 314:6:  React Hook useEffect has a missing dependency: 'fetchAllChats'. Either include it or remove the dependency array  react-hooks/exhaustive-deps
  Line 323:6:  React Hook useEffect has a missing dependency: 'fetchMessages'. Either include it or remove the dependency array  react-hooks/exhaustive-deps

src\RolesDashboard\VetDash.js
  Line 4:24:    'TablePagination' is defined but never used                                                                             no-unused-vars
  Line 17:8:    'TableToolbar' is defined but never used                                                                                no-unused-vars
  Line 18:8:    'useTableControls' is defined but never used                                                                            no-unused-vars
  Line 73:37:   React Hook useEffect has a missing dependency: 'fetchData'. Either include it or remove the dependency array            react-hooks/exhaustive-deps
  Line 74:47:   React Hook useEffect has a missing dependency: 'fetchAvailableSlots'. Either include it or remove the dependency array  react-hooks/exhaustive-deps
  Line 120:6:   React Hook useEffect has a missing dependency: 'config'. Either include it or remove the dependency array               react-hooks/exhaustive-deps
  Line 132:38:  React Hook useEffect has a missing dependency: 'fetchUsers'. Either include it or remove the dependency array           react-hooks/exhaustive-deps
  Line 270:6:   React Hook useEffect has a missing dependency: 'fetchAllChats'. Either include it or remove the dependency array        react-hooks/exhaustive-deps
  Line 279:6:   React Hook useEffect has a missing dependency: 'fetchMessages'. Either include it or remove the dependency array        react-hooks/exhaustive-deps

Search for the keywords to learn more about each warning.
To ignore, add // eslint-disable-next-line to the line before.

[1m[33mWARNING[39m[22m in [1m[eslint] 
src\RolesDashboard\UserDash.js
  Line 43:10:  'isUploaded' is assigned a value but never used                                                                   no-unused-vars
  Line 138:6:  React Hook useEffect has a missing dependency: 'config'. Either include it or remove the dependency array         react-hooks/exhaustive-deps
  Line 169:6:  React Hook useEffect has a missing dependency: 'token'. Either include it or remove the dependency array          react-hooks/exhaustive-deps
  Line 265:6:  React Hook useEffect has a missing dependency: 'config'. Either include it or remove the dependency array         react-hooks/exhaustive-deps
  Line 314:6:  React Hook useEffect has a missing dependency: 'fetchAllChats'. Either include it or remove the dependency array  react-hooks/exhaustive-deps
  Line 323:6:  React Hook useEffect has a missing dependency: 'fetchMessages'. Either include it or remove the dependency array  react-hooks/exhaustive-deps

src\RolesDashboard\VetDash.js
  Line 4:24:    'TablePagination' is defined but never used                                                                             no-unused-vars
  Line 17:8:    'TableToolbar' is defined but never used                                                                                no-unused-vars
  Line 18:8:    'useTableControls' is defined but never used                                                                            no-unused-vars
  Line 73:37:   React Hook useEffect has a missing dependency: 'fetchData'. Either include it or remove the dependency array            react-hooks/exhaustive-deps
  Line 74:47:   React Hook useEffect has a missing dependency: 'fetchAvailableSlots'. Either include it or remove the dependency array  react-hooks/exhaustive-deps
  Line 120:6:   React Hook useEffect has a missing dependency: 'config'. Either include it or remove the dependency array               react-hooks/exhaustive-deps
  Line 132:38:  React Hook useEffect has a missing dependency: 'fetchUsers'. Either include it or remove the dependency array           react-hooks/exhaustive-deps
  Line 270:6:   React Hook useEffect has a missing dependency: 'fetchAllChats'. Either include it or remove the dependency array        react-hooks/exhaustive-deps
  Line 279:6:   React Hook useEffect has a missing dependency: 'fetchMessages'. Either include it or remove the dependency array        react-hooks/exhaustive-deps

[39m[22m

webpack compiled with [1m[33m1 warning[39m[22m
Compiling...
Compiled with warnings.

[eslint] 
src\RolesDashboard\UserDash.js
  Line 43:10:  'isUploaded' is assigned a value but never used                                                                   no-unused-vars
  Line 138:6:  React Hook useEffect has a missing dependency: 'config'. Either include it or remove the dependency array         react-hooks/exhaustive-deps
  Line 169:6:  React Hook useEffect has a missing dependency: 'token'. Either include it or remove the dependency array          react-hooks/exhaustive-deps
  Line 265:6:  React Hook useEffect has a missing dependency: 'config'. Either include it or remove the dependency array         react-hooks/exhaustive-deps
  Line 314:6:  React Hook useEffect has a missing dependency: 'fetchAllChats'. Either include it or remove the dependency array  react-hooks/exhaustive-deps
  Line 323:6:  React Hook useEffect has a missing dependency: 'fetchMessages'. Either include it or remove the dependency array  react-hooks/exhaustive-deps

src\RolesDashboard\VetDash.js
  Line 77:37:   React Hook useEffect has a missing dependency: 'fetchData'. Either include it or remove the dependency array            react-hooks/exhaustive-deps
  Line 78:47:   React Hook useEffect has a missing dependency: 'fetchAvailableSlots'. Either include it or remove the dependency array  react-hooks/exhaustive-deps
  Line 124:6:   React Hook useEffect has a missing dependency: 'config'. Either include it or remove the dependency array               react-hooks/exhaustive-deps
  Line 136:38:  React Hook useEffect has a missing dependency: 'fetchUsers'. Either include it or remove the dependency array           react-hooks/exhaustive-deps
  Line 274:6:   React Hook useEffect has a missing dependency: 'fetchAllChats'. Either include it or remove the dependency array        react-hooks/exhaustive-deps
  Line 283:6:   React Hook useEffect has a missing dependency: 'fetchMessages'. Either include it or remove the dependency array        react-hooks/exhaustive-deps
  Line 589:9:   'tableStyles' is assigned a value but never used                                                                        no-unused-vars

Search for the keywords to learn more about each warning.
To ignore, add // eslint-disable-next-line to the line before.

[1m[33mWARNING[39m[22m in [1m[eslint] 
src\RolesDashboard\UserDash.js
  Line 43:10:  'isUploaded' is assigned a value but never used                                                                   no-unused-vars
  Line 138:6:  React Hook useEffect has a missing dependency: 'config'. Either include it or remove the dependency array         react-hooks/exhaustive-deps
  Line 169:6:  React Hook useEffect has a missing dependency: 'token'. Either include it or remove the dependency array          react-hooks/exhaustive-deps
  Line 265:6:  React Hook useEffect has a missing dependency: 'config'. Either include it or remove the dependency array         react-hooks/exhaustive-deps
  Line 314:6:  React Hook useEffect has a missing dependency: 'fetchAllChats'. Either include it or remove the dependency array  react-hooks/exhaustive-deps
  Line 323:6:  React Hook useEffect has a missing dependency: 'fetchMessages'. Either include it or remove the dependency array  react-hooks/exhaustive-deps

src\RolesDashboard\VetDash.js
  Line 77:37:   React Hook useEffect has a missing dependency: 'fetchData'. Either include it or remove the dependency array            react-hooks/exhaustive-deps
  Line 78:47:   React Hook useEffect has a missing dependency: 'fetchAvailableSlots'. Either include it or remove the dependency array  react-hooks/exhaustive-deps
  Line 124:6:   React Hook useEffect has a missing dependency: 'config'. Either include it or remove the dependency array               react-hooks/exhaustive-deps
  Line 136:38:  React Hook useEffect has a missing dependency: 'fetchUsers'. Either include it or remove the dependency array           react-hooks/exhaustive-deps
  Line 274:6:   React Hook useEffect has a missing dependency: 'fetchAllChats'. Either include it or remove the dependency array        react-hooks/exhaustive-deps
  Line 283:6:   React Hook useEffect has a missing dependency: 'fetchMessages'. Either include it or remove the dependency array        react-hooks/exhaustive-deps
  Line 589:9:   'tableStyles' is assigned a value but never used                                                                        no-unused-vars

[39m[22m

webpack compiled with [1m[33m1 warning[39m[22m
Compiling...
Compiled with warnings.

[eslint] 
src\RolesDashboard\UserDash.js
  Line 43:10:  'isUploaded' is assigned a value but never used                                                                   no-unused-vars
  Line 138:6:  React Hook useEffect has a missing dependency: 'config'. Either include it or remove the dependency array         react-hooks/exhaustive-deps
  Line 169:6:  React Hook useEffect has a missing dependency: 'token'. Either include it or remove the dependency array          react-hooks/exhaustive-deps
  Line 265:6:  React Hook useEffect has a missing dependency: 'config'. Either include it or remove the dependency array         react-hooks/exhaustive-deps
  Line 314:6:  React Hook useEffect has a missing dependency: 'fetchAllChats'. Either include it or remove the dependency array  react-hooks/exhaustive-deps
  Line 323:6:  React Hook useEffect has a missing dependency: 'fetchMessages'. Either include it or remove the dependency array  react-hooks/exhaustive-deps

src\RolesDashboard\VetDash.js
  Line 77:37:   React Hook useEffect has a missing dependency: 'fetchData'. Either include it or remove the dependency array            react-hooks/exhaustive-deps
  Line 78:47:   React Hook useEffect has a missing dependency: 'fetchAvailableSlots'. Either include it or remove the dependency array  react-hooks/exhaustive-deps
  Line 124:6:   React Hook useEffect has a missing dependency: 'config'. Either include it or remove the dependency array               react-hooks/exhaustive-deps
  Line 136:38:  React Hook useEffect has a missing dependency: 'fetchUsers'. Either include it or remove the dependency array           react-hooks/exhaustive-deps
  Line 274:6:   React Hook useEffect has a missing dependency: 'fetchAllChats'. Either include it or remove the dependency array        react-hooks/exhaustive-deps
  Line 283:6:   React Hook useEffect has a missing dependency: 'fetchMessages'. Either include it or remove the dependency array        react-hooks/exhaustive-deps

Search for the keywords to learn more about each warning.
To ignore, add // eslint-disable-next-line to the line before.

[1m[33mWARNING[39m[22m in [1m[eslint] 
src\RolesDashboard\UserDash.js
  Line 43:10:  'isUploaded' is assigned a value but never used                                                                   no-unused-vars
  Line 138:6:  React Hook useEffect has a missing dependency: 'config'. Either include it or remove the dependency array         react-hooks/exhaustive-deps
  Line 169:6:  React Hook useEffect has a missing dependency: 'token'. Either include it or remove the dependency array          react-hooks/exhaustive-deps
  Line 265:6:  React Hook useEffect has a missing dependency: 'config'. Either include it or remove the dependency array         react-hooks/exhaustive-deps
  Line 314:6:  React Hook useEffect has a missing dependency: 'fetchAllChats'. Either include it or remove the dependency array  react-hooks/exhaustive-deps
  Line 323:6:  React Hook useEffect has a missing dependency: 'fetchMessages'. Either include it or remove the dependency array  react-hooks/exhaustive-deps

src\RolesDashboard\VetDash.js
  Line 77:37:   React Hook useEffect has a missing dependency: 'fetchData'. Either include it or remove the dependency array            react-hooks/exhaustive-deps
  Line 78:47:   React Hook useEffect has a missing dependency: 'fetchAvailableSlots'. Either include it or remove the dependency array  react-hooks/exhaustive-deps
  Line 124:6:   React Hook useEffect has a missing dependency: 'config'. Either include it or remove the dependency array               react-hooks/exhaustive-deps
  Line 136:38:  React Hook useEffect has a missing dependency: 'fetchUsers'. Either include it or remove the dependency array           react-hooks/exhaustive-deps
  Line 274:6:   React Hook useEffect has a missing dependency: 'fetchAllChats'. Either include it or remove the dependency array        react-hooks/exhaustive-deps
  Line 283:6:   React Hook useEffect has a missing dependency: 'fetchMessages'. Either include it or remove the dependency array        react-hooks/exhaustive-deps

[39m[22m

webpack compiled with [1m[33m1 warning[39m[22m
Compiling...
Compiled with warnings.

[eslint] 
src\RolesDashboard\UserDash.js
  Line 43:10:  'isUploaded' is assigned a value but never used                                                                   no-unused-vars
  Line 138:6:  React Hook useEffect has a missing dependency: 'config'. Either include it or remove the dependency array         react-hooks/exhaustive-deps
  Line 169:6:  React Hook useEffect has a missing dependency: 'token'. Either include it or remove the dependency array          react-hooks/exhaustive-deps
  Line 265:6:  React Hook useEffect has a missing dependency: 'config'. Either include it or remove the dependency array         react-hooks/exhaustive-deps
  Line 314:6:  React Hook useEffect has a missing dependency: 'fetchAllChats'. Either include it or remove the dependency array  react-hooks/exhaustive-deps
  Line 323:6:  React Hook useEffect has a missing dependency: 'fetchMessages'. Either include it or remove the dependency array  react-hooks/exhaustive-deps

src\RolesDashboard\VetDash.js
  Line 77:37:   React Hook useEffect has a missing dependency: 'fetchData'. Either include it or remove the dependency array            react-hooks/exhaustive-deps
  Line 78:47:   React Hook useEffect has a missing dependency: 'fetchAvailableSlots'. Either include it or remove the dependency array  react-hooks/exhaustive-deps
  Line 124:6:   React Hook useEffect has a missing dependency: 'config'. Either include it or remove the dependency array               react-hooks/exhaustive-deps
  Line 136:38:  React Hook useEffect has a missing dependency: 'fetchUsers'. Either include it or remove the dependency array           react-hooks/exhaustive-deps
  Line 274:6:   React Hook useEffect has a missing dependency: 'fetchAllChats'. Either include it or remove the dependency array        react-hooks/exhaustive-deps
  Line 283:6:   React Hook useEffect has a missing dependency: 'fetchMessages'. Either include it or remove the dependency array        react-hooks/exhaustive-deps

src\components\PetAdoption.js
  Line 40:6:    React Hook useEffect has a missing dependency: 'fetchPets'. Either include it or remove the dependency array                                                                                     react-hooks/exhaustive-deps
  Line 48:6:    React Hook useEffect has a missing dependency: 'applyFilters'. Either include it or remove the dependency array                                                                                  react-hooks/exhaustive-deps
  Line 272:19:  Redundant alt attribute. Screen-readers already announce `img` tags as an image. You don’t need to use the words `image`, `photo,` or `picture` (or any specified custom words) in the alt prop  jsx-a11y/img-redundant-alt

Search for the keywords to learn more about each warning.
To ignore, add // eslint-disable-next-line to the line before.

[1m[33mWARNING[39m[22m in [1m[eslint] 
src\RolesDashboard\UserDash.js
  Line 43:10:  'isUploaded' is assigned a value but never used                                                                   no-unused-vars
  Line 138:6:  React Hook useEffect has a missing dependency: 'config'. Either include it or remove the dependency array         react-hooks/exhaustive-deps
  Line 169:6:  React Hook useEffect has a missing dependency: 'token'. Either include it or remove the dependency array          react-hooks/exhaustive-deps
  Line 265:6:  React Hook useEffect has a missing dependency: 'config'. Either include it or remove the dependency array         react-hooks/exhaustive-deps
  Line 314:6:  React Hook useEffect has a missing dependency: 'fetchAllChats'. Either include it or remove the dependency array  react-hooks/exhaustive-deps
  Line 323:6:  React Hook useEffect has a missing dependency: 'fetchMessages'. Either include it or remove the dependency array  react-hooks/exhaustive-deps

src\RolesDashboard\VetDash.js
  Line 77:37:   React Hook useEffect has a missing dependency: 'fetchData'. Either include it or remove the dependency array            react-hooks/exhaustive-deps
  Line 78:47:   React Hook useEffect has a missing dependency: 'fetchAvailableSlots'. Either include it or remove the dependency array  react-hooks/exhaustive-deps
  Line 124:6:   React Hook useEffect has a missing dependency: 'config'. Either include it or remove the dependency array               react-hooks/exhaustive-deps
  Line 136:38:  React Hook useEffect has a missing dependency: 'fetchUsers'. Either include it or remove the dependency array           react-hooks/exhaustive-deps
  Line 274:6:   React Hook useEffect has a missing dependency: 'fetchAllChats'. Either include it or remove the dependency array        react-hooks/exhaustive-deps
  Line 283:6:   React Hook useEffect has a missing dependency: 'fetchMessages'. Either include it or remove the dependency array        react-hooks/exhaustive-deps

src\components\PetAdoption.js
  Line 40:6:    React Hook useEffect has a missing dependency: 'fetchPets'. Either include it or remove the dependency array                                                                                     react-hooks/exhaustive-deps
  Line 48:6:    React Hook useEffect has a missing dependency: 'applyFilters'. Either include it or remove the dependency array                                                                                  react-hooks/exhaustive-deps
  Line 272:19:  Redundant alt attribute. Screen-readers already announce `img` tags as an image. You don’t need to use the words `image`, `photo,` or `picture` (or any specified custom words) in the alt prop  jsx-a11y/img-redundant-alt

[39m[22m

webpack compiled with [1m[33m1 warning[39m[22m
Compiling...
Compiled with warnings.

[eslint] 
src\RolesDashboard\UserDash.js
  Line 43:10:  'isUploaded' is assigned a value but never used                                                                   no-unused-vars
  Line 138:6:  React Hook useEffect has a missing dependency: 'config'. Either include it or remove the dependency array         react-hooks/exhaustive-deps
  Line 169:6:  React Hook useEffect has a missing dependency: 'token'. Either include it or remove the dependency array          react-hooks/exhaustive-deps
  Line 265:6:  React Hook useEffect has a missing dependency: 'config'. Either include it or remove the dependency array         react-hooks/exhaustive-deps
  Line 314:6:  React Hook useEffect has a missing dependency: 'fetchAllChats'. Either include it or remove the dependency array  react-hooks/exhaustive-deps
  Line 323:6:  React Hook useEffect has a missing dependency: 'fetchMessages'. Either include it or remove the dependency array  react-hooks/exhaustive-deps

src\RolesDashboard\VetDash.js
  Line 77:37:   React Hook useEffect has a missing dependency: 'fetchData'. Either include it or remove the dependency array            react-hooks/exhaustive-deps
  Line 78:47:   React Hook useEffect has a missing dependency: 'fetchAvailableSlots'. Either include it or remove the dependency array  react-hooks/exhaustive-deps
  Line 124:6:   React Hook useEffect has a missing dependency: 'config'. Either include it or remove the dependency array               react-hooks/exhaustive-deps
  Line 136:38:  React Hook useEffect has a missing dependency: 'fetchUsers'. Either include it or remove the dependency array           react-hooks/exhaustive-deps
  Line 274:6:   React Hook useEffect has a missing dependency: 'fetchAllChats'. Either include it or remove the dependency array        react-hooks/exhaustive-deps
  Line 283:6:   React Hook useEffect has a missing dependency: 'fetchMessages'. Either include it or remove the dependency array        react-hooks/exhaustive-deps

src\components\PetAdoption.js
  Line 40:6:    React Hook useEffect has a missing dependency: 'fetchPets'. Either include it or remove the dependency array                                                                                     react-hooks/exhaustive-deps
  Line 48:6:    React Hook useEffect has a missing dependency: 'applyFilters'. Either include it or remove the dependency array                                                                                  react-hooks/exhaustive-deps
  Line 272:19:  Redundant alt attribute. Screen-readers already announce `img` tags as an image. You don’t need to use the words `image`, `photo,` or `picture` (or any specified custom words) in the alt prop  jsx-a11y/img-redundant-alt

Search for the keywords to learn more about each warning.
To ignore, add // eslint-disable-next-line to the line before.

[1m[33mWARNING[39m[22m in [1m[eslint] 
src\RolesDashboard\UserDash.js
  Line 43:10:  'isUploaded' is assigned a value but never used                                                                   no-unused-vars
  Line 138:6:  React Hook useEffect has a missing dependency: 'config'. Either include it or remove the dependency array         react-hooks/exhaustive-deps
  Line 169:6:  React Hook useEffect has a missing dependency: 'token'. Either include it or remove the dependency array          react-hooks/exhaustive-deps
  Line 265:6:  React Hook useEffect has a missing dependency: 'config'. Either include it or remove the dependency array         react-hooks/exhaustive-deps
  Line 314:6:  React Hook useEffect has a missing dependency: 'fetchAllChats'. Either include it or remove the dependency array  react-hooks/exhaustive-deps
  Line 323:6:  React Hook useEffect has a missing dependency: 'fetchMessages'. Either include it or remove the dependency array  react-hooks/exhaustive-deps

src\RolesDashboard\VetDash.js
  Line 77:37:   React Hook useEffect has a missing dependency: 'fetchData'. Either include it or remove the dependency array            react-hooks/exhaustive-deps
  Line 78:47:   React Hook useEffect has a missing dependency: 'fetchAvailableSlots'. Either include it or remove the dependency array  react-hooks/exhaustive-deps
  Line 124:6:   React Hook useEffect has a missing dependency: 'config'. Either include it or remove the dependency array               react-hooks/exhaustive-deps
  Line 136:38:  React Hook useEffect has a missing dependency: 'fetchUsers'. Either include it or remove the dependency array           react-hooks/exhaustive-deps
  Line 274:6:   React Hook useEffect has a missing dependency: 'fetchAllChats'. Either include it or remove the dependency array        react-hooks/exhaustive-deps
  Line 283:6:   React Hook useEffect has a missing dependency: 'fetchMessages'. Either include it or remove the dependency array        react-hooks/exhaustive-deps

src\components\PetAdoption.js
  Line 40:6:    React Hook useEffect has a missing dependency: 'fetchPets'. Either include it or remove the dependency array                                                                                     react-hooks/exhaustive-deps
  Line 48:6:    React Hook useEffect has a missing dependency: 'applyFilters'. Either include it or remove the dependency array                                                                                  react-hooks/exhaustive-deps
  Line 272:19:  Redundant alt attribute. Screen-readers already announce `img` tags as an image. You don’t need to use the words `image`, `photo,` or `picture` (or any specified custom words) in the alt prop  jsx-a11y/img-redundant-alt

[39m[22m

webpack compiled with [1m[33m1 warning[39m[22m
Compiling...
Compiled with warnings.

[eslint] 
src\RolesDashboard\UserDash.js
  Line 43:10:  'isUploaded' is assigned a value but never used                                                                   no-unused-vars
  Line 138:6:  React Hook useEffect has a missing dependency: 'config'. Either include it or remove the dependency array         react-hooks/exhaustive-deps
  Line 169:6:  React Hook useEffect has a missing dependency: 'token'. Either include it or remove the dependency array          react-hooks/exhaustive-deps
  Line 265:6:  React Hook useEffect has a missing dependency: 'config'. Either include it or remove the dependency array         react-hooks/exhaustive-deps
  Line 314:6:  React Hook useEffect has a missing dependency: 'fetchAllChats'. Either include it or remove the dependency array  react-hooks/exhaustive-deps
  Line 323:6:  React Hook useEffect has a missing dependency: 'fetchMessages'. Either include it or remove the dependency array  react-hooks/exhaustive-deps

src\RolesDashboard\VetDash.js
  Line 77:37:   React Hook useEffect has a missing dependency: 'fetchData'. Either include it or remove the dependency array            react-hooks/exhaustive-deps
  Line 78:47:   React Hook useEffect has a missing dependency: 'fetchAvailableSlots'. Either include it or remove the dependency array  react-hooks/exhaustive-deps
  Line 124:6:   React Hook useEffect has a missing dependency: 'config'. Either include it or remove the dependency array               react-hooks/exhaustive-deps
  Line 136:38:  React Hook useEffect has a missing dependency: 'fetchUsers'. Either include it or remove the dependency array           react-hooks/exhaustive-deps
  Line 274:6:   React Hook useEffect has a missing dependency: 'fetchAllChats'. Either include it or remove the dependency array        react-hooks/exhaustive-deps
  Line 283:6:   React Hook useEffect has a missing dependency: 'fetchMessages'. Either include it or remove the dependency array        react-hooks/exhaustive-deps

src\components\CheckoutPage.js
  Line 12:3:   'Snackbar' is defined but never used                                                                           no-unused-vars
  Line 13:3:   'Alert' is defined but never used                                                                              no-unused-vars
  Line 14:3:   'CircularProgress' is defined but never used                                                                   no-unused-vars
  Line 22:10:  'isCheckingOut' is assigned a value but never used                                                             no-unused-vars
  Line 22:25:  'setIsCheckingOut' is assigned a value but never used                                                          no-unused-vars
  Line 23:10:  'message' is assigned a value but never used                                                                   no-unused-vars
  Line 25:9:   'showMessage' is assigned a value but never used                                                               no-unused-vars
  Line 26:9:   'handleCloseMessage' is assigned a value but never used                                                        no-unused-vars
  Line 82:6:   React Hook useEffect has a missing dependency: 'authHeader'. Either include it or remove the dependency array  react-hooks/exhaustive-deps

src\components\PetAdoption.js
  Line 40:6:    React Hook useEffect has a missing dependency: 'fetchPets'. Either include it or remove the dependency array                                                                                     react-hooks/exhaustive-deps
  Line 48:6:    React Hook useEffect has a missing dependency: 'applyFilters'. Either include it or remove the dependency array                                                                                  react-hooks/exhaustive-deps
  Line 272:19:  Redundant alt attribute. Screen-readers already announce `img` tags as an image. You don’t need to use the words `image`, `photo,` or `picture` (or any specified custom words) in the alt prop  jsx-a11y/img-redundant-alt

Search for the keywords to learn more about each warning.
To ignore, add // eslint-disable-next-line to the line before.

[1m[33mWARNING[39m[22m in [1m[eslint] 
src\RolesDashboard\UserDash.js
  Line 43:10:  'isUploaded' is assigned a value but never used                                                                   no-unused-vars
  Line 138:6:  React Hook useEffect has a missing dependency: 'config'. Either include it or remove the dependency array         react-hooks/exhaustive-deps
  Line 169:6:  React Hook useEffect has a missing dependency: 'token'. Either include it or remove the dependency array          react-hooks/exhaustive-deps
  Line 265:6:  React Hook useEffect has a missing dependency: 'config'. Either include it or remove the dependency array         react-hooks/exhaustive-deps
  Line 314:6:  React Hook useEffect has a missing dependency: 'fetchAllChats'. Either include it or remove the dependency array  react-hooks/exhaustive-deps
  Line 323:6:  React Hook useEffect has a missing dependency: 'fetchMessages'. Either include it or remove the dependency array  react-hooks/exhaustive-deps

src\RolesDashboard\VetDash.js
  Line 77:37:   React Hook useEffect has a missing dependency: 'fetchData'. Either include it or remove the dependency array            react-hooks/exhaustive-deps
  Line 78:47:   React Hook useEffect has a missing dependency: 'fetchAvailableSlots'. Either include it or remove the dependency array  react-hooks/exhaustive-deps
  Line 124:6:   React Hook useEffect has a missing dependency: 'config'. Either include it or remove the dependency array               react-hooks/exhaustive-deps
  Line 136:38:  React Hook useEffect has a missing dependency: 'fetchUsers'. Either include it or remove the dependency array           react-hooks/exhaustive-deps
  Line 274:6:   React Hook useEffect has a missing dependency: 'fetchAllChats'. Either include it or remove the dependency array        react-hooks/exhaustive-deps
  Line 283:6:   React Hook useEffect has a missing dependency: 'fetchMessages'. Either include it or remove the dependency array        react-hooks/exhaustive-deps

src\components\CheckoutPage.js
  Line 12:3:   'Snackbar' is defined but never used                                                                           no-unused-vars
  Line 13:3:   'Alert' is defined but never used                                                                              no-unused-vars
  Line 14:3:   'CircularProgress' is defined but never used                                                                   no-unused-vars
  Line 22:10:  'isCheckingOut' is assigned a value but never used                                                             no-unused-vars
  Line 22:25:  'setIsCheckingOut' is assigned a value but never used                                                          no-unused-vars
  Line 23:10:  'message' is assigned a value but never used                                                                   no-unused-vars
  Line 25:9:   'showMessage' is assigned a value but never used                                                               no-unused-vars
  Line 26:9:   'handleCloseMessage' is assigned a value but never used                                                        no-unused-vars
  Line 82:6:   React Hook useEffect has a missing dependency: 'authHeader'. Either include it or remove the dependency array  react-hooks/exhaustive-deps

src\components\PetAdoption.js
  Line 40:6:    React Hook useEffect has a missing dependency: 'fetchPets'. Either include it or remove the dependency array                                                                                     react-hooks/exhaustive-deps
  Line 48:6:    React Hook useEffect has a missing dependency: 'applyFilters'. Either include it or remove the dependency array                                                                                  react-hooks/exhaustive-deps
  Line 272:19:  Redundant alt attribute. Screen-readers already announce `img` tags as an image. You don’t need to use the words `image`, `photo,` or `picture` (or any specified custom words) in the alt prop  jsx-a11y/img-redundant-alt

[39m[22m

webpack compiled with [1m[33m1 warning[39m[22m
Compiling...
Compiled with warnings.

[eslint] 
src\RolesDashboard\UserDash.js
  Line 43:10:  'isUploaded' is assigned a value but never used                                                                   no-unused-vars
  Line 138:6:  React Hook useEffect has a missing dependency: 'config'. Either include it or remove the dependency array         react-hooks/exhaustive-deps
  Line 169:6:  React Hook useEffect has a missing dependency: 'token'. Either include it or remove the dependency array          react-hooks/exhaustive-deps
  Line 265:6:  React Hook useEffect has a missing dependency: 'config'. Either include it or remove the dependency array         react-hooks/exhaustive-deps
  Line 314:6:  React Hook useEffect has a missing dependency: 'fetchAllChats'. Either include it or remove the dependency array  react-hooks/exhaustive-deps
  Line 323:6:  React Hook useEffect has a missing dependency: 'fetchMessages'. Either include it or remove the dependency array  react-hooks/exhaustive-deps

src\RolesDashboard\VetDash.js
  Line 77:37:   React Hook useEffect has a missing dependency: 'fetchData'. Either include it or remove the dependency array            react-hooks/exhaustive-deps
  Line 78:47:   React Hook useEffect has a missing dependency: 'fetchAvailableSlots'. Either include it or remove the dependency array  react-hooks/exhaustive-deps
  Line 124:6:   React Hook useEffect has a missing dependency: 'config'. Either include it or remove the dependency array               react-hooks/exhaustive-deps
  Line 136:38:  React Hook useEffect has a missing dependency: 'fetchUsers'. Either include it or remove the dependency array           react-hooks/exhaustive-deps
  Line 274:6:   React Hook useEffect has a missing dependency: 'fetchAllChats'. Either include it or remove the dependency array        react-hooks/exhaustive-deps
  Line 283:6:   React Hook useEffect has a missing dependency: 'fetchMessages'. Either include it or remove the dependency array        react-hooks/exhaustive-deps

src\components\CheckoutPage.js
  Line 12:3:   'Snackbar' is defined but never used                     no-unused-vars
  Line 13:3:   'Alert' is defined but never used                        no-unused-vars
  Line 14:3:   'CircularProgress' is defined but never used             no-unused-vars
  Line 22:10:  'isCheckingOut' is assigned a value but never used       no-unused-vars
  Line 22:25:  'setIsCheckingOut' is assigned a value but never used    no-unused-vars
  Line 23:10:  'message' is assigned a value but never used             no-unused-vars
  Line 26:9:   'handleCloseMessage' is assigned a value but never used  no-unused-vars

src\components\PetAdoption.js
  Line 40:6:    React Hook useEffect has a missing dependency: 'fetchPets'. Either include it or remove the dependency array                                                                                     react-hooks/exhaustive-deps
  Line 48:6:    React Hook useEffect has a missing dependency: 'applyFilters'. Either include it or remove the dependency array                                                                                  react-hooks/exhaustive-deps
  Line 272:19:  Redundant alt attribute. Screen-readers already announce `img` tags as an image. You don’t need to use the words `image`, `photo,` or `picture` (or any specified custom words) in the alt prop  jsx-a11y/img-redundant-alt

Search for the keywords to learn more about each warning.
To ignore, add // eslint-disable-next-line to the line before.

[1m[33mWARNING[39m[22m in [1m[eslint] 
src\RolesDashboard\UserDash.js
  Line 43:10:  'isUploaded' is assigned a value but never used                                                                   no-unused-vars
  Line 138:6:  React Hook useEffect has a missing dependency: 'config'. Either include it or remove the dependency array         react-hooks/exhaustive-deps
  Line 169:6:  React Hook useEffect has a missing dependency: 'token'. Either include it or remove the dependency array          react-hooks/exhaustive-deps
  Line 265:6:  React Hook useEffect has a missing dependency: 'config'. Either include it or remove the dependency array         react-hooks/exhaustive-deps
  Line 314:6:  React Hook useEffect has a missing dependency: 'fetchAllChats'. Either include it or remove the dependency array  react-hooks/exhaustive-deps
  Line 323:6:  React Hook useEffect has a missing dependency: 'fetchMessages'. Either include it or remove the dependency array  react-hooks/exhaustive-deps

src\RolesDashboard\VetDash.js
  Line 77:37:   React Hook useEffect has a missing dependency: 'fetchData'. Either include it or remove the dependency array            react-hooks/exhaustive-deps
  Line 78:47:   React Hook useEffect has a missing dependency: 'fetchAvailableSlots'. Either include it or remove the dependency array  react-hooks/exhaustive-deps
  Line 124:6:   React Hook useEffect has a missing dependency: 'config'. Either include it or remove the dependency array               react-hooks/exhaustive-deps
  Line 136:38:  React Hook useEffect has a missing dependency: 'fetchUsers'. Either include it or remove the dependency array           react-hooks/exhaustive-deps
  Line 274:6:   React Hook useEffect has a missing dependency: 'fetchAllChats'. Either include it or remove the dependency array        react-hooks/exhaustive-deps
  Line 283:6:   React Hook useEffect has a missing dependency: 'fetchMessages'. Either include it or remove the dependency array        react-hooks/exhaustive-deps

src\components\CheckoutPage.js
  Line 12:3:   'Snackbar' is defined but never used                     no-unused-vars
  Line 13:3:   'Alert' is defined but never used                        no-unused-vars
  Line 14:3:   'CircularProgress' is defined but never used             no-unused-vars
  Line 22:10:  'isCheckingOut' is assigned a value but never used       no-unused-vars
  Line 22:25:  'setIsCheckingOut' is assigned a value but never used    no-unused-vars
  Line 23:10:  'message' is assigned a value but never used             no-unused-vars
  Line 26:9:   'handleCloseMessage' is assigned a value but never used  no-unused-vars

src\components\PetAdoption.js
  Line 40:6:    React Hook useEffect has a missing dependency: 'fetchPets'. Either include it or remove the dependency array                                                                                     react-hooks/exhaustive-deps
  Line 48:6:    React Hook useEffect has a missing dependency: 'applyFilters'. Either include it or remove the dependency array                                                                                  react-hooks/exhaustive-deps
  Line 272:19:  Redundant alt attribute. Screen-readers already announce `img` tags as an image. You don’t need to use the words `image`, `photo,` or `picture` (or any specified custom words) in the alt prop  jsx-a11y/img-redundant-alt

[39m[22m

webpack compiled with [1m[33m1 warning[39m[22m
Compiling...
Compiled with warnings.

[eslint] 
src\RolesDashboard\UserDash.js
  Line 43:10:  'isUploaded' is assigned a value but never used                                                                   no-unused-vars
  Line 138:6:  React Hook useEffect has a missing dependency: 'config'. Either include it or remove the dependency array         react-hooks/exhaustive-deps
  Line 169:6:  React Hook useEffect has a missing dependency: 'token'. Either include it or remove the dependency array          react-hooks/exhaustive-deps
  Line 265:6:  React Hook useEffect has a missing dependency: 'config'. Either include it or remove the dependency array         react-hooks/exhaustive-deps
  Line 314:6:  React Hook useEffect has a missing dependency: 'fetchAllChats'. Either include it or remove the dependency array  react-hooks/exhaustive-deps
  Line 323:6:  React Hook useEffect has a missing dependency: 'fetchMessages'. Either include it or remove the dependency array  react-hooks/exhaustive-deps

src\RolesDashboard\VetDash.js
  Line 77:37:   React Hook useEffect has a missing dependency: 'fetchData'. Either include it or remove the dependency array            react-hooks/exhaustive-deps
  Line 78:47:   React Hook useEffect has a missing dependency: 'fetchAvailableSlots'. Either include it or remove the dependency array  react-hooks/exhaustive-deps
  Line 124:6:   React Hook useEffect has a missing dependency: 'config'. Either include it or remove the dependency array               react-hooks/exhaustive-deps
  Line 136:38:  React Hook useEffect has a missing dependency: 'fetchUsers'. Either include it or remove the dependency array           react-hooks/exhaustive-deps
  Line 274:6:   React Hook useEffect has a missing dependency: 'fetchAllChats'. Either include it or remove the dependency array        react-hooks/exhaustive-deps
  Line 283:6:   React Hook useEffect has a missing dependency: 'fetchMessages'. Either include it or remove the dependency array        react-hooks/exhaustive-deps

src\components\CheckoutPage.js
  Line 12:3:   'Snackbar' is defined but never used                                                                           no-unused-vars
  Line 13:3:   'Alert' is defined but never used                                                                              no-unused-vars
  Line 14:3:   'CircularProgress' is defined but never used                                                                   no-unused-vars
  Line 22:10:  'isCheckingOut' is assigned a value but never used                                                             no-unused-vars
  Line 22:25:  'setIsCheckingOut' is assigned a value but never used                                                          no-unused-vars
  Line 23:10:  'message' is assigned a value but never used                                                                   no-unused-vars
  Line 26:9:   'handleCloseMessage' is assigned a value but never used                                                        no-unused-vars
  Line 83:6:   React Hook useEffect has a missing dependency: 'authHeader'. Either include it or remove the dependency array  react-hooks/exhaustive-deps

src\components\PetAdoption.js
  Line 40:6:    React Hook useEffect has a missing dependency: 'fetchPets'. Either include it or remove the dependency array                                                                                     react-hooks/exhaustive-deps
  Line 48:6:    React Hook useEffect has a missing dependency: 'applyFilters'. Either include it or remove the dependency array                                                                                  react-hooks/exhaustive-deps
  Line 272:19:  Redundant alt attribute. Screen-readers already announce `img` tags as an image. You don’t need to use the words `image`, `photo,` or `picture` (or any specified custom words) in the alt prop  jsx-a11y/img-redundant-alt

Search for the keywords to learn more about each warning.
To ignore, add // eslint-disable-next-line to the line before.

[1m[33mWARNING[39m[22m in [1m[eslint] 
src\RolesDashboard\UserDash.js
  Line 43:10:  'isUploaded' is assigned a value but never used                                                                   no-unused-vars
  Line 138:6:  React Hook useEffect has a missing dependency: 'config'. Either include it or remove the dependency array         react-hooks/exhaustive-deps
  Line 169:6:  React Hook useEffect has a missing dependency: 'token'. Either include it or remove the dependency array          react-hooks/exhaustive-deps
  Line 265:6:  React Hook useEffect has a missing dependency: 'config'. Either include it or remove the dependency array         react-hooks/exhaustive-deps
  Line 314:6:  React Hook useEffect has a missing dependency: 'fetchAllChats'. Either include it or remove the dependency array  react-hooks/exhaustive-deps
  Line 323:6:  React Hook useEffect has a missing dependency: 'fetchMessages'. Either include it or remove the dependency array  react-hooks/exhaustive-deps

src\RolesDashboard\VetDash.js
  Line 77:37:   React Hook useEffect has a missing dependency: 'fetchData'. Either include it or remove the dependency array            react-hooks/exhaustive-deps
  Line 78:47:   React Hook useEffect has a missing dependency: 'fetchAvailableSlots'. Either include it or remove the dependency array  react-hooks/exhaustive-deps
  Line 124:6:   React Hook useEffect has a missing dependency: 'config'. Either include it or remove the dependency array               react-hooks/exhaustive-deps
  Line 136:38:  React Hook useEffect has a missing dependency: 'fetchUsers'. Either include it or remove the dependency array           react-hooks/exhaustive-deps
  Line 274:6:   React Hook useEffect has a missing dependency: 'fetchAllChats'. Either include it or remove the dependency array        react-hooks/exhaustive-deps
  Line 283:6:   React Hook useEffect has a missing dependency: 'fetchMessages'. Either include it or remove the dependency array        react-hooks/exhaustive-deps

src\components\CheckoutPage.js
  Line 12:3:   'Snackbar' is defined but never used                                                                           no-unused-vars
  Line 13:3:   'Alert' is defined but never used                                                                              no-unused-vars
  Line 14:3:   'CircularProgress' is defined but never used                                                                   no-unused-vars
  Line 22:10:  'isCheckingOut' is assigned a value but never used                                                             no-unused-vars
  Line 22:25:  'setIsCheckingOut' is assigned a value but never used                                                          no-unused-vars
  Line 23:10:  'message' is assigned a value but never used                                                                   no-unused-vars
  Line 26:9:   'handleCloseMessage' is assigned a value but never used                                                        no-unused-vars
  Line 83:6:   React Hook useEffect has a missing dependency: 'authHeader'. Either include it or remove the dependency array  react-hooks/exhaustive-deps

src\components\PetAdoption.js
  Line 40:6:    React Hook useEffect has a missing dependency: 'fetchPets'. Either include it or remove the dependency array                                                                                     react-hooks/exhaustive-deps
  Line 48:6:    React Hook useEffect has a missing dependency: 'applyFilters'. Either include it or remove the dependency array                                                                                  react-hooks/exhaustive-deps
  Line 272:19:  Redundant alt attribute. Screen-readers already announce `img` tags as an image. You don’t need to use the words `image`, `photo,` or `picture` (or any specified custom words) in the alt prop  jsx-a11y/img-redundant-alt

[39m[22m

webpack compiled with [1m[33m1 warning[39m[22m
Compiling...
Compiled with warnings.

[eslint] 
src\RolesDashboard\UserDash.js
  Line 43:10:  'isUploaded' is assigned a value but never used                                                                   no-unused-vars
  Line 138:6:  React Hook useEffect has a missing dependency: 'config'. Either include it or remove the dependency array         react-hooks/exhaustive-deps
  Line 169:6:  React Hook useEffect has a missing dependency: 'token'. Either include it or remove the dependency array          react-hooks/exhaustive-deps
  Line 265:6:  React Hook useEffect has a missing dependency: 'config'. Either include it or remove the dependency array         react-hooks/exhaustive-deps
  Line 314:6:  React Hook useEffect has a missing dependency: 'fetchAllChats'. Either include it or remove the dependency array  react-hooks/exhaustive-deps
  Line 323:6:  React Hook useEffect has a missing dependency: 'fetchMessages'. Either include it or remove the dependency array  react-hooks/exhaustive-deps

src\RolesDashboard\VetDash.js
  Line 77:37:   React Hook useEffect has a missing dependency: 'fetchData'. Either include it or remove the dependency array            react-hooks/exhaustive-deps
  Line 78:47:   React Hook useEffect has a missing dependency: 'fetchAvailableSlots'. Either include it or remove the dependency array  react-hooks/exhaustive-deps
  Line 124:6:   React Hook useEffect has a missing dependency: 'config'. Either include it or remove the dependency array               react-hooks/exhaustive-deps
  Line 136:38:  React Hook useEffect has a missing dependency: 'fetchUsers'. Either include it or remove the dependency array           react-hooks/exhaustive-deps
  Line 274:6:   React Hook useEffect has a missing dependency: 'fetchAllChats'. Either include it or remove the dependency array        react-hooks/exhaustive-deps
  Line 283:6:   React Hook useEffect has a missing dependency: 'fetchMessages'. Either include it or remove the dependency array        react-hooks/exhaustive-deps

src\components\CheckoutPage.js
  Line 12:3:   'Snackbar' is defined but never used                                                                           no-unused-vars
  Line 13:3:   'Alert' is defined but never used                                                                              no-unused-vars
  Line 14:3:   'CircularProgress' is defined but never used                                                                   no-unused-vars
  Line 22:10:  'isCheckingOut' is assigned a value but never used                                                             no-unused-vars
  Line 23:10:  'message' is assigned a value but never used                                                                   no-unused-vars
  Line 26:9:   'handleCloseMessage' is assigned a value but never used                                                        no-unused-vars
  Line 83:6:   React Hook useEffect has a missing dependency: 'authHeader'. Either include it or remove the dependency array  react-hooks/exhaustive-deps

src\components\PetAdoption.js
  Line 40:6:    React Hook useEffect has a missing dependency: 'fetchPets'. Either include it or remove the dependency array                                                                                     react-hooks/exhaustive-deps
  Line 48:6:    React Hook useEffect has a missing dependency: 'applyFilters'. Either include it or remove the dependency array                                                                                  react-hooks/exhaustive-deps
  Line 272:19:  Redundant alt attribute. Screen-readers already announce `img` tags as an image. You don’t need to use the words `image`, `photo,` or `picture` (or any specified custom words) in the alt prop  jsx-a11y/img-redundant-alt

Search for the keywords to learn more about each warning.
To ignore, add // eslint-disable-next-line to the line before.

[1m[33mWARNING[39m[22m in [1m[eslint] 
src\RolesDashboard\UserDash.js
  Line 43:10:  'isUploaded' is assigned a value but never used                                                                   no-unused-vars
  Line 138:6:  React Hook useEffect has a missing dependency: 'config'. Either include it or remove the dependency array         react-hooks/exhaustive-deps
  Line 169:6:  React Hook useEffect has a missing dependency: 'token'. Either include it or remove the dependency array          react-hooks/exhaustive-deps
  Line 265:6:  React Hook useEffect has a missing dependency: 'config'. Either include it or remove the dependency array         react-hooks/exhaustive-deps
  Line 314:6:  React Hook useEffect has a missing dependency: 'fetchAllChats'. Either include it or remove the dependency array  react-hooks/exhaustive-deps
  Line 323:6:  React Hook useEffect has a missing dependency: 'fetchMessages'. Either include it or remove the dependency array  react-hooks/exhaustive-deps

src\RolesDashboard\VetDash.js
  Line 77:37:   React Hook useEffect has a missing dependency: 'fetchData'. Either include it or remove the dependency array            react-hooks/exhaustive-deps
  Line 78:47:   React Hook useEffect has a missing dependency: 'fetchAvailableSlots'. Either include it or remove the dependency array  react-hooks/exhaustive-deps
  Line 124:6:   React Hook useEffect has a missing dependency: 'config'. Either include it or remove the dependency array               react-hooks/exhaustive-deps
  Line 136:38:  React Hook useEffect has a missing dependency: 'fetchUsers'. Either include it or remove the dependency array           react-hooks/exhaustive-deps
  Line 274:6:   React Hook useEffect has a missing dependency: 'fetchAllChats'. Either include it or remove the dependency array        react-hooks/exhaustive-deps
  Line 283:6:   React Hook useEffect has a missing dependency: 'fetchMessages'. Either include it or remove the dependency array        react-hooks/exhaustive-deps

src\components\CheckoutPage.js
  Line 12:3:   'Snackbar' is defined but never used                                                                           no-unused-vars
  Line 13:3:   'Alert' is defined but never used                                                                              no-unused-vars
  Line 14:3:   'CircularProgress' is defined but never used                                                                   no-unused-vars
  Line 22:10:  'isCheckingOut' is assigned a value but never used                                                             no-unused-vars
  Line 23:10:  'message' is assigned a value but never used                                                                   no-unused-vars
  Line 26:9:   'handleCloseMessage' is assigned a value but never used                                                        no-unused-vars
  Line 83:6:   React Hook useEffect has a missing dependency: 'authHeader'. Either include it or remove the dependency array  react-hooks/exhaustive-deps

src\components\PetAdoption.js
  Line 40:6:    React Hook useEffect has a missing dependency: 'fetchPets'. Either include it or remove the dependency array                                                                                     react-hooks/exhaustive-deps
  Line 48:6:    React Hook useEffect has a missing dependency: 'applyFilters'. Either include it or remove the dependency array                                                                                  react-hooks/exhaustive-deps
  Line 272:19:  Redundant alt attribute. Screen-readers already announce `img` tags as an image. You don’t need to use the words `image`, `photo,` or `picture` (or any specified custom words) in the alt prop  jsx-a11y/img-redundant-alt

[39m[22m

webpack compiled with [1m[33m1 warning[39m[22m
Compiling...
Compiled with warnings.

[eslint] 
src\RolesDashboard\UserDash.js
  Line 43:10:  'isUploaded' is assigned a value but never used                                                                   no-unused-vars
  Line 138:6:  React Hook useEffect has a missing dependency: 'config'. Either include it or remove the dependency array         react-hooks/exhaustive-deps
  Line 169:6:  React Hook useEffect has a missing dependency: 'token'. Either include it or remove the dependency array          react-hooks/exhaustive-deps
  Line 265:6:  React Hook useEffect has a missing dependency: 'config'. Either include it or remove the dependency array         react-hooks/exhaustive-deps
  Line 314:6:  React Hook useEffect has a missing dependency: 'fetchAllChats'. Either include it or remove the dependency array  react-hooks/exhaustive-deps
  Line 323:6:  React Hook useEffect has a missing dependency: 'fetchMessages'. Either include it or remove the dependency array  react-hooks/exhaustive-deps

src\RolesDashboard\VetDash.js
  Line 77:37:   React Hook useEffect has a missing dependency: 'fetchData'. Either include it or remove the dependency array            react-hooks/exhaustive-deps
  Line 78:47:   React Hook useEffect has a missing dependency: 'fetchAvailableSlots'. Either include it or remove the dependency array  react-hooks/exhaustive-deps
  Line 124:6:   React Hook useEffect has a missing dependency: 'config'. Either include it or remove the dependency array               react-hooks/exhaustive-deps
  Line 136:38:  React Hook useEffect has a missing dependency: 'fetchUsers'. Either include it or remove the dependency array           react-hooks/exhaustive-deps
  Line 274:6:   React Hook useEffect has a missing dependency: 'fetchAllChats'. Either include it or remove the dependency array        react-hooks/exhaustive-deps
  Line 283:6:   React Hook useEffect has a missing dependency: 'fetchMessages'. Either include it or remove the dependency array        react-hooks/exhaustive-deps

src\components\CheckoutPage.js
  Line 12:3:   'Snackbar' is defined but never used                                                                           no-unused-vars
  Line 13:3:   'Alert' is defined but never used                                                                              no-unused-vars
  Line 23:10:  'message' is assigned a value but never used                                                                   no-unused-vars
  Line 26:9:   'handleCloseMessage' is assigned a value but never used                                                        no-unused-vars
  Line 83:6:   React Hook useEffect has a missing dependency: 'authHeader'. Either include it or remove the dependency array  react-hooks/exhaustive-deps

src\components\PetAdoption.js
  Line 40:6:    React Hook useEffect has a missing dependency: 'fetchPets'. Either include it or remove the dependency array                                                                                     react-hooks/exhaustive-deps
  Line 48:6:    React Hook useEffect has a missing dependency: 'applyFilters'. Either include it or remove the dependency array                                                                                  react-hooks/exhaustive-deps
  Line 272:19:  Redundant alt attribute. Screen-readers already announce `img` tags as an image. You don’t need to use the words `image`, `photo,` or `picture` (or any specified custom words) in the alt prop  jsx-a11y/img-redundant-alt

Search for the keywords to learn more about each warning.
To ignore, add // eslint-disable-next-line to the line before.

[1m[33mWARNING[39m[22m in [1m[eslint] 
src\RolesDashboard\UserDash.js
  Line 43:10:  'isUploaded' is assigned a value but never used                                                                   no-unused-vars
  Line 138:6:  React Hook useEffect has a missing dependency: 'config'. Either include it or remove the dependency array         react-hooks/exhaustive-deps
  Line 169:6:  React Hook useEffect has a missing dependency: 'token'. Either include it or remove the dependency array          react-hooks/exhaustive-deps
  Line 265:6:  React Hook useEffect has a missing dependency: 'config'. Either include it or remove the dependency array         react-hooks/exhaustive-deps
  Line 314:6:  React Hook useEffect has a missing dependency: 'fetchAllChats'. Either include it or remove the dependency array  react-hooks/exhaustive-deps
  Line 323:6:  React Hook useEffect has a missing dependency: 'fetchMessages'. Either include it or remove the dependency array  react-hooks/exhaustive-deps

src\RolesDashboard\VetDash.js
  Line 77:37:   React Hook useEffect has a missing dependency: 'fetchData'. Either include it or remove the dependency array            react-hooks/exhaustive-deps
  Line 78:47:   React Hook useEffect has a missing dependency: 'fetchAvailableSlots'. Either include it or remove the dependency array  react-hooks/exhaustive-deps
  Line 124:6:   React Hook useEffect has a missing dependency: 'config'. Either include it or remove the dependency array               react-hooks/exhaustive-deps
  Line 136:38:  React Hook useEffect has a missing dependency: 'fetchUsers'. Either include it or remove the dependency array           react-hooks/exhaustive-deps
  Line 274:6:   React Hook useEffect has a missing dependency: 'fetchAllChats'. Either include it or remove the dependency array        react-hooks/exhaustive-deps
  Line 283:6:   React Hook useEffect has a missing dependency: 'fetchMessages'. Either include it or remove the dependency array        react-hooks/exhaustive-deps

src\components\CheckoutPage.js
  Line 12:3:   'Snackbar' is defined but never used                                                                           no-unused-vars
  Line 13:3:   'Alert' is defined but never used                                                                              no-unused-vars
  Line 23:10:  'message' is assigned a value but never used                                                                   no-unused-vars
  Line 26:9:   'handleCloseMessage' is assigned a value but never used                                                        no-unused-vars
  Line 83:6:   React Hook useEffect has a missing dependency: 'authHeader'. Either include it or remove the dependency array  react-hooks/exhaustive-deps

src\components\PetAdoption.js
  Line 40:6:    React Hook useEffect has a missing dependency: 'fetchPets'. Either include it or remove the dependency array                                                                                     react-hooks/exhaustive-deps
  Line 48:6:    React Hook useEffect has a missing dependency: 'applyFilters'. Either include it or remove the dependency array                                                                                  react-hooks/exhaustive-deps
  Line 272:19:  Redundant alt attribute. Screen-readers already announce `img` tags as an image. You don’t need to use the words `image`, `photo,` or `picture` (or any specified custom words) in the alt prop  jsx-a11y/img-redundant-alt

[39m[22m

webpack compiled with [1m[33m1 warning[39m[22m
Compiling...
Compiled with warnings.

[eslint] 
src\RolesDashboard\UserDash.js
  Line 43:10:  'isUploaded' is assigned a value but never used                                                                   no-unused-vars
  Line 138:6:  React Hook useEffect has a missing dependency: 'config'. Either include it or remove the dependency array         react-hooks/exhaustive-deps
  Line 169:6:  React Hook useEffect has a missing dependency: 'token'. Either include it or remove the dependency array          react-hooks/exhaustive-deps
  Line 265:6:  React Hook useEffect has a missing dependency: 'config'. Either include it or remove the dependency array         react-hooks/exhaustive-deps
  Line 314:6:  React Hook useEffect has a missing dependency: 'fetchAllChats'. Either include it or remove the dependency array  react-hooks/exhaustive-deps
  Line 323:6:  React Hook useEffect has a missing dependency: 'fetchMessages'. Either include it or remove the dependency array  react-hooks/exhaustive-deps

src\RolesDashboard\VetDash.js
  Line 77:37:   React Hook useEffect has a missing dependency: 'fetchData'. Either include it or remove the dependency array            react-hooks/exhaustive-deps
  Line 78:47:   React Hook useEffect has a missing dependency: 'fetchAvailableSlots'. Either include it or remove the dependency array  react-hooks/exhaustive-deps
  Line 124:6:   React Hook useEffect has a missing dependency: 'config'. Either include it or remove the dependency array               react-hooks/exhaustive-deps
  Line 136:38:  React Hook useEffect has a missing dependency: 'fetchUsers'. Either include it or remove the dependency array           react-hooks/exhaustive-deps
  Line 274:6:   React Hook useEffect has a missing dependency: 'fetchAllChats'. Either include it or remove the dependency array        react-hooks/exhaustive-deps
  Line 283:6:   React Hook useEffect has a missing dependency: 'fetchMessages'. Either include it or remove the dependency array        react-hooks/exhaustive-deps

src\components\CheckoutPage.js
  Line 83:6:  React Hook useEffect has a missing dependency: 'authHeader'. Either include it or remove the dependency array  react-hooks/exhaustive-deps

src\components\PetAdoption.js
  Line 40:6:    React Hook useEffect has a missing dependency: 'fetchPets'. Either include it or remove the dependency array                                                                                     react-hooks/exhaustive-deps
  Line 48:6:    React Hook useEffect has a missing dependency: 'applyFilters'. Either include it or remove the dependency array                                                                                  react-hooks/exhaustive-deps
  Line 272:19:  Redundant alt attribute. Screen-readers already announce `img` tags as an image. You don’t need to use the words `image`, `photo,` or `picture` (or any specified custom words) in the alt prop  jsx-a11y/img-redundant-alt

Search for the keywords to learn more about each warning.
To ignore, add // eslint-disable-next-line to the line before.

[1m[33mWARNING[39m[22m in [1m[eslint] 
src\RolesDashboard\UserDash.js
  Line 43:10:  'isUploaded' is assigned a value but never used                                                                   no-unused-vars
  Line 138:6:  React Hook useEffect has a missing dependency: 'config'. Either include it or remove the dependency array         react-hooks/exhaustive-deps
  Line 169:6:  React Hook useEffect has a missing dependency: 'token'. Either include it or remove the dependency array          react-hooks/exhaustive-deps
  Line 265:6:  React Hook useEffect has a missing dependency: 'config'. Either include it or remove the dependency array         react-hooks/exhaustive-deps
  Line 314:6:  React Hook useEffect has a missing dependency: 'fetchAllChats'. Either include it or remove the dependency array  react-hooks/exhaustive-deps
  Line 323:6:  React Hook useEffect has a missing dependency: 'fetchMessages'. Either include it or remove the dependency array  react-hooks/exhaustive-deps

src\RolesDashboard\VetDash.js
  Line 77:37:   React Hook useEffect has a missing dependency: 'fetchData'. Either include it or remove the dependency array            react-hooks/exhaustive-deps
  Line 78:47:   React Hook useEffect has a missing dependency: 'fetchAvailableSlots'. Either include it or remove the dependency array  react-hooks/exhaustive-deps
  Line 124:6:   React Hook useEffect has a missing dependency: 'config'. Either include it or remove the dependency array               react-hooks/exhaustive-deps
  Line 136:38:  React Hook useEffect has a missing dependency: 'fetchUsers'. Either include it or remove the dependency array           react-hooks/exhaustive-deps
  Line 274:6:   React Hook useEffect has a missing dependency: 'fetchAllChats'. Either include it or remove the dependency array        react-hooks/exhaustive-deps
  Line 283:6:   React Hook useEffect has a missing dependency: 'fetchMessages'. Either include it or remove the dependency array        react-hooks/exhaustive-deps

src\components\CheckoutPage.js
  Line 83:6:  React Hook useEffect has a missing dependency: 'authHeader'. Either include it or remove the dependency array  react-hooks/exhaustive-deps

src\components\PetAdoption.js
  Line 40:6:    React Hook useEffect has a missing dependency: 'fetchPets'. Either include it or remove the dependency array                                                                                     react-hooks/exhaustive-deps
  Line 48:6:    React Hook useEffect has a missing dependency: 'applyFilters'. Either include it or remove the dependency array                                                                                  react-hooks/exhaustive-deps
  Line 272:19:  Redundant alt attribute. Screen-readers already announce `img` tags as an image. You don’t need to use the words `image`, `photo,` or `picture` (or any specified custom words) in the alt prop  jsx-a11y/img-redundant-alt

[39m[22m

webpack compiled with [1m[33m1 warning[39m[22m
Compiling...
Compiled with warnings.

[eslint] 
src\RolesDashboard\UserDash.js
  Line 43:10:  'isUploaded' is assigned a value but never used                                                                   no-unused-vars
  Line 147:6:  React Hook useEffect has a missing dependency: 'config'. Either include it or remove the dependency array         react-hooks/exhaustive-deps
  Line 178:6:  React Hook useEffect has a missing dependency: 'token'. Either include it or remove the dependency array          react-hooks/exhaustive-deps
  Line 274:6:  React Hook useEffect has a missing dependency: 'config'. Either include it or remove the dependency array         react-hooks/exhaustive-deps
  Line 323:6:  React Hook useEffect has a missing dependency: 'fetchAllChats'. Either include it or remove the dependency array  react-hooks/exhaustive-deps
  Line 332:6:  React Hook useEffect has a missing dependency: 'fetchMessages'. Either include it or remove the dependency array  react-hooks/exhaustive-deps

src\RolesDashboard\VetDash.js
  Line 77:37:   React Hook useEffect has a missing dependency: 'fetchData'. Either include it or remove the dependency array            react-hooks/exhaustive-deps
  Line 78:47:   React Hook useEffect has a missing dependency: 'fetchAvailableSlots'. Either include it or remove the dependency array  react-hooks/exhaustive-deps
  Line 124:6:   React Hook useEffect has a missing dependency: 'config'. Either include it or remove the dependency array               react-hooks/exhaustive-deps
  Line 136:38:  React Hook useEffect has a missing dependency: 'fetchUsers'. Either include it or remove the dependency array           react-hooks/exhaustive-deps
  Line 274:6:   React Hook useEffect has a missing dependency: 'fetchAllChats'. Either include it or remove the dependency array        react-hooks/exhaustive-deps
  Line 283:6:   React Hook useEffect has a missing dependency: 'fetchMessages'. Either include it or remove the dependency array        react-hooks/exhaustive-deps

src\components\CheckoutPage.js
  Line 83:6:  React Hook useEffect has a missing dependency: 'authHeader'. Either include it or remove the dependency array  react-hooks/exhaustive-deps

src\components\PetAdoption.js
  Line 40:6:    React Hook useEffect has a missing dependency: 'fetchPets'. Either include it or remove the dependency array                                                                                     react-hooks/exhaustive-deps
  Line 48:6:    React Hook useEffect has a missing dependency: 'applyFilters'. Either include it or remove the dependency array                                                                                  react-hooks/exhaustive-deps
  Line 272:19:  Redundant alt attribute. Screen-readers already announce `img` tags as an image. You don’t need to use the words `image`, `photo,` or `picture` (or any specified custom words) in the alt prop  jsx-a11y/img-redundant-alt

Search for the keywords to learn more about each warning.
To ignore, add // eslint-disable-next-line to the line before.

[1m[33mWARNING[39m[22m in [1m[eslint] 
src\RolesDashboard\UserDash.js
  Line 43:10:  'isUploaded' is assigned a value but never used                                                                   no-unused-vars
  Line 147:6:  React Hook useEffect has a missing dependency: 'config'. Either include it or remove the dependency array         react-hooks/exhaustive-deps
  Line 178:6:  React Hook useEffect has a missing dependency: 'token'. Either include it or remove the dependency array          react-hooks/exhaustive-deps
  Line 274:6:  React Hook useEffect has a missing dependency: 'config'. Either include it or remove the dependency array         react-hooks/exhaustive-deps
  Line 323:6:  React Hook useEffect has a missing dependency: 'fetchAllChats'. Either include it or remove the dependency array  react-hooks/exhaustive-deps
  Line 332:6:  React Hook useEffect has a missing dependency: 'fetchMessages'. Either include it or remove the dependency array  react-hooks/exhaustive-deps

src\RolesDashboard\VetDash.js
  Line 77:37:   React Hook useEffect has a missing dependency: 'fetchData'. Either include it or remove the dependency array            react-hooks/exhaustive-deps
  Line 78:47:   React Hook useEffect has a missing dependency: 'fetchAvailableSlots'. Either include it or remove the dependency array  react-hooks/exhaustive-deps
  Line 124:6:   React Hook useEffect has a missing dependency: 'config'. Either include it or remove the dependency array               react-hooks/exhaustive-deps
  Line 136:38:  React Hook useEffect has a missing dependency: 'fetchUsers'. Either include it or remove the dependency array           react-hooks/exhaustive-deps
  Line 274:6:   React Hook useEffect has a missing dependency: 'fetchAllChats'. Either include it or remove the dependency array        react-hooks/exhaustive-deps
  Line 283:6:   React Hook useEffect has a missing dependency: 'fetchMessages'. Either include it or remove the dependency array        react-hooks/exhaustive-deps

src\components\CheckoutPage.js
  Line 83:6:  React Hook useEffect has a missing dependency: 'authHeader'. Either include it or remove the dependency array  react-hooks/exhaustive-deps

src\components\PetAdoption.js
  Line 40:6:    React Hook useEffect has a missing dependency: 'fetchPets'. Either include it or remove the dependency array                                                                                     react-hooks/exhaustive-deps
  Line 48:6:    React Hook useEffect has a missing dependency: 'applyFilters'. Either include it or remove the dependency array                                                                                  react-hooks/exhaustive-deps
  Line 272:19:  Redundant alt attribute. Screen-readers already announce `img` tags as an image. You don’t need to use the words `image`, `photo,` or `picture` (or any specified custom words) in the alt prop  jsx-a11y/img-redundant-alt

[39m[22m

webpack compiled with [1m[33m1 warning[39m[22m
Compiling...
Compiled with warnings.

[eslint] 
src\RolesDashboard\UserDash.js
  Line 44:10:  'isUploaded' is assigned a value but never used                                                                   no-unused-vars
  Line 148:6:  React Hook useEffect has a missing dependency: 'config'. Either include it or remove the dependency array         react-hooks/exhaustive-deps
  Line 179:6:  React Hook useEffect has a missing dependency: 'token'. Either include it or remove the dependency array          react-hooks/exhaustive-deps
  Line 275:6:  React Hook useEffect has a missing dependency: 'config'. Either include it or remove the dependency array         react-hooks/exhaustive-deps
  Line 324:6:  React Hook useEffect has a missing dependency: 'fetchAllChats'. Either include it or remove the dependency array  react-hooks/exhaustive-deps
  Line 333:6:  React Hook useEffect has a missing dependency: 'fetchMessages'. Either include it or remove the dependency array  react-hooks/exhaustive-deps

src\RolesDashboard\VetDash.js
  Line 77:37:   React Hook useEffect has a missing dependency: 'fetchData'. Either include it or remove the dependency array            react-hooks/exhaustive-deps
  Line 78:47:   React Hook useEffect has a missing dependency: 'fetchAvailableSlots'. Either include it or remove the dependency array  react-hooks/exhaustive-deps
  Line 124:6:   React Hook useEffect has a missing dependency: 'config'. Either include it or remove the dependency array               react-hooks/exhaustive-deps
  Line 136:38:  React Hook useEffect has a missing dependency: 'fetchUsers'. Either include it or remove the dependency array           react-hooks/exhaustive-deps
  Line 274:6:   React Hook useEffect has a missing dependency: 'fetchAllChats'. Either include it or remove the dependency array        react-hooks/exhaustive-deps
  Line 283:6:   React Hook useEffect has a missing dependency: 'fetchMessages'. Either include it or remove the dependency array        react-hooks/exhaustive-deps

src\components\CheckoutPage.js
  Line 83:6:  React Hook useEffect has a missing dependency: 'authHeader'. Either include it or remove the dependency array  react-hooks/exhaustive-deps

src\components\PetAdoption.js
  Line 40:6:    React Hook useEffect has a missing dependency: 'fetchPets'. Either include it or remove the dependency array                                                                                     react-hooks/exhaustive-deps
  Line 48:6:    React Hook useEffect has a missing dependency: 'applyFilters'. Either include it or remove the dependency array                                                                                  react-hooks/exhaustive-deps
  Line 272:19:  Redundant alt attribute. Screen-readers already announce `img` tags as an image. You don’t need to use the words `image`, `photo,` or `picture` (or any specified custom words) in the alt prop  jsx-a11y/img-redundant-alt

Search for the keywords to learn more about each warning.
To ignore, add // eslint-disable-next-line to the line before.

[1m[33mWARNING[39m[22m in [1m[eslint] 
src\RolesDashboard\UserDash.js
  Line 44:10:  'isUploaded' is assigned a value but never used                                                                   no-unused-vars
  Line 148:6:  React Hook useEffect has a missing dependency: 'config'. Either include it or remove the dependency array         react-hooks/exhaustive-deps
  Line 179:6:  React Hook useEffect has a missing dependency: 'token'. Either include it or remove the dependency array          react-hooks/exhaustive-deps
  Line 275:6:  React Hook useEffect has a missing dependency: 'config'. Either include it or remove the dependency array         react-hooks/exhaustive-deps
  Line 324:6:  React Hook useEffect has a missing dependency: 'fetchAllChats'. Either include it or remove the dependency array  react-hooks/exhaustive-deps
  Line 333:6:  React Hook useEffect has a missing dependency: 'fetchMessages'. Either include it or remove the dependency array  react-hooks/exhaustive-deps

src\RolesDashboard\VetDash.js
  Line 77:37:   React Hook useEffect has a missing dependency: 'fetchData'. Either include it or remove the dependency array            react-hooks/exhaustive-deps
  Line 78:47:   React Hook useEffect has a missing dependency: 'fetchAvailableSlots'. Either include it or remove the dependency array  react-hooks/exhaustive-deps
  Line 124:6:   React Hook useEffect has a missing dependency: 'config'. Either include it or remove the dependency array               react-hooks/exhaustive-deps
  Line 136:38:  React Hook useEffect has a missing dependency: 'fetchUsers'. Either include it or remove the dependency array           react-hooks/exhaustive-deps
  Line 274:6:   React Hook useEffect has a missing dependency: 'fetchAllChats'. Either include it or remove the dependency array        react-hooks/exhaustive-deps
  Line 283:6:   React Hook useEffect has a missing dependency: 'fetchMessages'. Either include it or remove the dependency array        react-hooks/exhaustive-deps

src\components\CheckoutPage.js
  Line 83:6:  React Hook useEffect has a missing dependency: 'authHeader'. Either include it or remove the dependency array  react-hooks/exhaustive-deps

src\components\PetAdoption.js
  Line 40:6:    React Hook useEffect has a missing dependency: 'fetchPets'. Either include it or remove the dependency array                                                                                     react-hooks/exhaustive-deps
  Line 48:6:    React Hook useEffect has a missing dependency: 'applyFilters'. Either include it or remove the dependency array                                                                                  react-hooks/exhaustive-deps
  Line 272:19:  Redundant alt attribute. Screen-readers already announce `img` tags as an image. You don’t need to use the words `image`, `photo,` or `picture` (or any specified custom words) in the alt prop  jsx-a11y/img-redundant-alt

[39m[22m

webpack compiled with [1m[33m1 warning[39m[22m
Compiling...
Compiled with warnings.

[eslint] 
src\RolesDashboard\UserDash.js
  Line 44:10:  'isUploaded' is assigned a value but never used                                                                   no-unused-vars
  Line 148:6:  React Hook useEffect has a missing dependency: 'config'. Either include it or remove the dependency array         react-hooks/exhaustive-deps
  Line 179:6:  React Hook useEffect has a missing dependency: 'token'. Either include it or remove the dependency array          react-hooks/exhaustive-deps
  Line 275:6:  React Hook useEffect has a missing dependency: 'config'. Either include it or remove the dependency array         react-hooks/exhaustive-deps
  Line 324:6:  React Hook useEffect has a missing dependency: 'fetchAllChats'. Either include it or remove the dependency array  react-hooks/exhaustive-deps
  Line 333:6:  React Hook useEffect has a missing dependency: 'fetchMessages'. Either include it or remove the dependency array  react-hooks/exhaustive-deps

src\RolesDashboard\VetDash.js
  Line 77:37:   React Hook useEffect has a missing dependency: 'fetchData'. Either include it or remove the dependency array            react-hooks/exhaustive-deps
  Line 78:47:   React Hook useEffect has a missing dependency: 'fetchAvailableSlots'. Either include it or remove the dependency array  react-hooks/exhaustive-deps
  Line 124:6:   React Hook useEffect has a missing dependency: 'config'. Either include it or remove the dependency array               react-hooks/exhaustive-deps
  Line 136:38:  React Hook useEffect has a missing dependency: 'fetchUsers'. Either include it or remove the dependency array           react-hooks/exhaustive-deps
  Line 274:6:   React Hook useEffect has a missing dependency: 'fetchAllChats'. Either include it or remove the dependency array        react-hooks/exhaustive-deps
  Line 283:6:   React Hook useEffect has a missing dependency: 'fetchMessages'. Either include it or remove the dependency array        react-hooks/exhaustive-deps

src\components\CheckoutPage.js
  Line 83:6:  React Hook useEffect has a missing dependency: 'authHeader'. Either include it or remove the dependency array  react-hooks/exhaustive-deps

src\components\PetAdoption.js
  Line 40:6:    React Hook useEffect has a missing dependency: 'fetchPets'. Either include it or remove the dependency array                                                                                     react-hooks/exhaustive-deps
  Line 48:6:    React Hook useEffect has a missing dependency: 'applyFilters'. Either include it or remove the dependency array                                                                                  react-hooks/exhaustive-deps
  Line 272:19:  Redundant alt attribute. Screen-readers already announce `img` tags as an image. You don’t need to use the words `image`, `photo,` or `picture` (or any specified custom words) in the alt prop  jsx-a11y/img-redundant-alt

Search for the keywords to learn more about each warning.
To ignore, add // eslint-disable-next-line to the line before.

[1m[33mWARNING[39m[22m in [1m[eslint] 
src\RolesDashboard\UserDash.js
  Line 44:10:  'isUploaded' is assigned a value but never used                                                                   no-unused-vars
  Line 148:6:  React Hook useEffect has a missing dependency: 'config'. Either include it or remove the dependency array         react-hooks/exhaustive-deps
  Line 179:6:  React Hook useEffect has a missing dependency: 'token'. Either include it or remove the dependency array          react-hooks/exhaustive-deps
  Line 275:6:  React Hook useEffect has a missing dependency: 'config'. Either include it or remove the dependency array         react-hooks/exhaustive-deps
  Line 324:6:  React Hook useEffect has a missing dependency: 'fetchAllChats'. Either include it or remove the dependency array  react-hooks/exhaustive-deps
  Line 333:6:  React Hook useEffect has a missing dependency: 'fetchMessages'. Either include it or remove the dependency array  react-hooks/exhaustive-deps

src\RolesDashboard\VetDash.js
  Line 77:37:   React Hook useEffect has a missing dependency: 'fetchData'. Either include it or remove the dependency array            react-hooks/exhaustive-deps
  Line 78:47:   React Hook useEffect has a missing dependency: 'fetchAvailableSlots'. Either include it or remove the dependency array  react-hooks/exhaustive-deps
  Line 124:6:   React Hook useEffect has a missing dependency: 'config'. Either include it or remove the dependency array               react-hooks/exhaustive-deps
  Line 136:38:  React Hook useEffect has a missing dependency: 'fetchUsers'. Either include it or remove the dependency array           react-hooks/exhaustive-deps
  Line 274:6:   React Hook useEffect has a missing dependency: 'fetchAllChats'. Either include it or remove the dependency array        react-hooks/exhaustive-deps
  Line 283:6:   React Hook useEffect has a missing dependency: 'fetchMessages'. Either include it or remove the dependency array        react-hooks/exhaustive-deps

src\components\CheckoutPage.js
  Line 83:6:  React Hook useEffect has a missing dependency: 'authHeader'. Either include it or remove the dependency array  react-hooks/exhaustive-deps

src\components\PetAdoption.js
  Line 40:6:    React Hook useEffect has a missing dependency: 'fetchPets'. Either include it or remove the dependency array                                                                                     react-hooks/exhaustive-deps
  Line 48:6:    React Hook useEffect has a missing dependency: 'applyFilters'. Either include it or remove the dependency array                                                                                  react-hooks/exhaustive-deps
  Line 272:19:  Redundant alt attribute. Screen-readers already announce `img` tags as an image. You don’t need to use the words `image`, `photo,` or `picture` (or any specified custom words) in the alt prop  jsx-a11y/img-redundant-alt

[39m[22m

webpack compiled with [1m[33m1 warning[39m[22m
Compiling...
Compiled with warnings.

[eslint] 
src\RolesDashboard\UserDash.js
  Line 44:10:  'isUploaded' is assigned a value but never used                                                                   no-unused-vars
  Line 148:6:  React Hook useEffect has a missing dependency: 'config'. Either include it or remove the dependency array         react-hooks/exhaustive-deps
  Line 179:6:  React Hook useEffect has a missing dependency: 'token'. Either include it or remove the dependency array          react-hooks/exhaustive-deps
  Line 275:6:  React Hook useEffect has a missing dependency: 'config'. Either include it or remove the dependency array         react-hooks/exhaustive-deps
  Line 324:6:  React Hook useEffect has a missing dependency: 'fetchAllChats'. Either include it or remove the dependency array  react-hooks/exhaustive-deps
  Line 333:6:  React Hook useEffect has a missing dependency: 'fetchMessages'. Either include it or remove the dependency array  react-hooks/exhaustive-deps

src\RolesDashboard\VetDash.js
  Line 77:37:   React Hook useEffect has a missing dependency: 'fetchData'. Either include it or remove the dependency array            react-hooks/exhaustive-deps
  Line 78:47:   React Hook useEffect has a missing dependency: 'fetchAvailableSlots'. Either include it or remove the dependency array  react-hooks/exhaustive-deps
  Line 124:6:   React Hook useEffect has a missing dependency: 'config'. Either include it or remove the dependency array               react-hooks/exhaustive-deps
  Line 136:38:  React Hook useEffect has a missing dependency: 'fetchUsers'. Either include it or remove the dependency array           react-hooks/exhaustive-deps
  Line 274:6:   React Hook useEffect has a missing dependency: 'fetchAllChats'. Either include it or remove the dependency array        react-hooks/exhaustive-deps
  Line 283:6:   React Hook useEffect has a missing dependency: 'fetchMessages'. Either include it or remove the dependency array        react-hooks/exhaustive-deps

src\components\CheckoutPage.js
  Line 83:6:  React Hook useEffect has a missing dependency: 'authHeader'. Either include it or remove the dependency array  react-hooks/exhaustive-deps

src\components\PetAdoption.js
  Line 40:6:    React Hook useEffect has a missing dependency: 'fetchPets'. Either include it or remove the dependency array                                                                                     react-hooks/exhaustive-deps
  Line 48:6:    React Hook useEffect has a missing dependency: 'applyFilters'. Either include it or remove the dependency array                                                                                  react-hooks/exhaustive-deps
  Line 272:19:  Redundant alt attribute. Screen-readers already announce `img` tags as an image. You don’t need to use the words `image`, `photo,` or `picture` (or any specified custom words) in the alt prop  jsx-a11y/img-redundant-alt

Search for the keywords to learn more about each warning.
To ignore, add // eslint-disable-next-line to the line before.

[1m[33mWARNING[39m[22m in [1m[eslint] 
src\RolesDashboard\UserDash.js
  Line 44:10:  'isUploaded' is assigned a value but never used                                                                   no-unused-vars
  Line 148:6:  React Hook useEffect has a missing dependency: 'config'. Either include it or remove the dependency array         react-hooks/exhaustive-deps
  Line 179:6:  React Hook useEffect has a missing dependency: 'token'. Either include it or remove the dependency array          react-hooks/exhaustive-deps
  Line 275:6:  React Hook useEffect has a missing dependency: 'config'. Either include it or remove the dependency array         react-hooks/exhaustive-deps
  Line 324:6:  React Hook useEffect has a missing dependency: 'fetchAllChats'. Either include it or remove the dependency array  react-hooks/exhaustive-deps
  Line 333:6:  React Hook useEffect has a missing dependency: 'fetchMessages'. Either include it or remove the dependency array  react-hooks/exhaustive-deps

src\RolesDashboard\VetDash.js
  Line 77:37:   React Hook useEffect has a missing dependency: 'fetchData'. Either include it or remove the dependency array            react-hooks/exhaustive-deps
  Line 78:47:   React Hook useEffect has a missing dependency: 'fetchAvailableSlots'. Either include it or remove the dependency array  react-hooks/exhaustive-deps
  Line 124:6:   React Hook useEffect has a missing dependency: 'config'. Either include it or remove the dependency array               react-hooks/exhaustive-deps
  Line 136:38:  React Hook useEffect has a missing dependency: 'fetchUsers'. Either include it or remove the dependency array           react-hooks/exhaustive-deps
  Line 274:6:   React Hook useEffect has a missing dependency: 'fetchAllChats'. Either include it or remove the dependency array        react-hooks/exhaustive-deps
  Line 283:6:   React Hook useEffect has a missing dependency: 'fetchMessages'. Either include it or remove the dependency array        react-hooks/exhaustive-deps

src\components\CheckoutPage.js
  Line 83:6:  React Hook useEffect has a missing dependency: 'authHeader'. Either include it or remove the dependency array  react-hooks/exhaustive-deps

src\components\PetAdoption.js
  Line 40:6:    React Hook useEffect has a missing dependency: 'fetchPets'. Either include it or remove the dependency array                                                                                     react-hooks/exhaustive-deps
  Line 48:6:    React Hook useEffect has a missing dependency: 'applyFilters'. Either include it or remove the dependency array                                                                                  react-hooks/exhaustive-deps
  Line 272:19:  Redundant alt attribute. Screen-readers already announce `img` tags as an image. You don’t need to use the words `image`, `photo,` or `picture` (or any specified custom words) in the alt prop  jsx-a11y/img-redundant-alt

[39m[22m

webpack compiled with [1m[33m1 warning[39m[22m
Compiling...
Compiled with warnings.

[eslint] 
src\App.js
  Line 22:8:  'UserSidebar' is defined but never used  no-unused-vars

src\RolesDashboard\UserDash.js
  Line 44:10:  'isUploaded' is assigned a value but never used                                                                   no-unused-vars
  Line 148:6:  React Hook useEffect has a missing dependency: 'config'. Either include it or remove the dependency array         react-hooks/exhaustive-deps
  Line 179:6:  React Hook useEffect has a missing dependency: 'token'. Either include it or remove the dependency array          react-hooks/exhaustive-deps
  Line 275:6:  React Hook useEffect has a missing dependency: 'config'. Either include it or remove the dependency array         react-hooks/exhaustive-deps
  Line 324:6:  React Hook useEffect has a missing dependency: 'fetchAllChats'. Either include it or remove the dependency array  react-hooks/exhaustive-deps
  Line 333:6:  React Hook useEffect has a missing dependency: 'fetchMessages'. Either include it or remove the dependency array  react-hooks/exhaustive-deps

src\RolesDashboard\VetDash.js
  Line 77:37:   React Hook useEffect has a missing dependency: 'fetchData'. Either include it or remove the dependency array            react-hooks/exhaustive-deps
  Line 78:47:   React Hook useEffect has a missing dependency: 'fetchAvailableSlots'. Either include it or remove the dependency array  react-hooks/exhaustive-deps
  Line 124:6:   React Hook useEffect has a missing dependency: 'config'. Either include it or remove the dependency array               react-hooks/exhaustive-deps
  Line 136:38:  React Hook useEffect has a missing dependency: 'fetchUsers'. Either include it or remove the dependency array           react-hooks/exhaustive-deps
  Line 274:6:   React Hook useEffect has a missing dependency: 'fetchAllChats'. Either include it or remove the dependency array        react-hooks/exhaustive-deps
  Line 283:6:   React Hook useEffect has a missing dependency: 'fetchMessages'. Either include it or remove the dependency array        react-hooks/exhaustive-deps

src\components\CheckoutPage.js
  Line 83:6:  React Hook useEffect has a missing dependency: 'authHeader'. Either include it or remove the dependency array  react-hooks/exhaustive-deps

src\components\PetAdoption.js
  Line 40:6:    React Hook useEffect has a missing dependency: 'fetchPets'. Either include it or remove the dependency array                                                                                     react-hooks/exhaustive-deps
  Line 48:6:    React Hook useEffect has a missing dependency: 'applyFilters'. Either include it or remove the dependency array                                                                                  react-hooks/exhaustive-deps
  Line 272:19:  Redundant alt attribute. Screen-readers already announce `img` tags as an image. You don’t need to use the words `image`, `photo,` or `picture` (or any specified custom words) in the alt prop  jsx-a11y/img-redundant-alt

Search for the keywords to learn more about each warning.
To ignore, add // eslint-disable-next-line to the line before.

[1m[33mWARNING[39m[22m in [1m[eslint] 
src\App.js
  Line 22:8:  'UserSidebar' is defined but never used  no-unused-vars

src\RolesDashboard\UserDash.js
  Line 44:10:  'isUploaded' is assigned a value but never used                                                                   no-unused-vars
  Line 148:6:  React Hook useEffect has a missing dependency: 'config'. Either include it or remove the dependency array         react-hooks/exhaustive-deps
  Line 179:6:  React Hook useEffect has a missing dependency: 'token'. Either include it or remove the dependency array          react-hooks/exhaustive-deps
  Line 275:6:  React Hook useEffect has a missing dependency: 'config'. Either include it or remove the dependency array         react-hooks/exhaustive-deps
  Line 324:6:  React Hook useEffect has a missing dependency: 'fetchAllChats'. Either include it or remove the dependency array  react-hooks/exhaustive-deps
  Line 333:6:  React Hook useEffect has a missing dependency: 'fetchMessages'. Either include it or remove the dependency array  react-hooks/exhaustive-deps

src\RolesDashboard\VetDash.js
  Line 77:37:   React Hook useEffect has a missing dependency: 'fetchData'. Either include it or remove the dependency array            react-hooks/exhaustive-deps
  Line 78:47:   React Hook useEffect has a missing dependency: 'fetchAvailableSlots'. Either include it or remove the dependency array  react-hooks/exhaustive-deps
  Line 124:6:   React Hook useEffect has a missing dependency: 'config'. Either include it or remove the dependency array               react-hooks/exhaustive-deps
  Line 136:38:  React Hook useEffect has a missing dependency: 'fetchUsers'. Either include it or remove the dependency array           react-hooks/exhaustive-deps
  Line 274:6:   React Hook useEffect has a missing dependency: 'fetchAllChats'. Either include it or remove the dependency array        react-hooks/exhaustive-deps
  Line 283:6:   React Hook useEffect has a missing dependency: 'fetchMessages'. Either include it or remove the dependency array        react-hooks/exhaustive-deps

src\components\CheckoutPage.js
  Line 83:6:  React Hook useEffect has a missing dependency: 'authHeader'. Either include it or remove the dependency array  react-hooks/exhaustive-deps

src\components\PetAdoption.js
  Line 40:6:    React Hook useEffect has a missing dependency: 'fetchPets'. Either include it or remove the dependency array                                                                                     react-hooks/exhaustive-deps
  Line 48:6:    React Hook useEffect has a missing dependency: 'applyFilters'. Either include it or remove the dependency array                                                                                  react-hooks/exhaustive-deps
  Line 272:19:  Redundant alt attribute. Screen-readers already announce `img` tags as an image. You don’t need to use the words `image`, `photo,` or `picture` (or any specified custom words) in the alt prop  jsx-a11y/img-redundant-alt

[39m[22m

webpack compiled with [1m[33m1 warning[39m[22m
Compiling...
Compiled with warnings.

[eslint] 
src\App.js
  Line 22:8:  'UserSidebar' is defined but never used  no-unused-vars

src\RolesDashboard\UserDash.js
  Line 44:10:  'isUploaded' is assigned a value but never used                                                                   no-unused-vars
  Line 148:6:  React Hook useEffect has a missing dependency: 'config'. Either include it or remove the dependency array         react-hooks/exhaustive-deps
  Line 179:6:  React Hook useEffect has a missing dependency: 'token'. Either include it or remove the dependency array          react-hooks/exhaustive-deps
  Line 275:6:  React Hook useEffect has a missing dependency: 'config'. Either include it or remove the dependency array         react-hooks/exhaustive-deps
  Line 324:6:  React Hook useEffect has a missing dependency: 'fetchAllChats'. Either include it or remove the dependency array  react-hooks/exhaustive-deps
  Line 333:6:  React Hook useEffect has a missing dependency: 'fetchMessages'. Either include it or remove the dependency array  react-hooks/exhaustive-deps

src\RolesDashboard\VetDash.js
  Line 77:37:   React Hook useEffect has a missing dependency: 'fetchData'. Either include it or remove the dependency array            react-hooks/exhaustive-deps
  Line 78:47:   React Hook useEffect has a missing dependency: 'fetchAvailableSlots'. Either include it or remove the dependency array  react-hooks/exhaustive-deps
  Line 124:6:   React Hook useEffect has a missing dependency: 'config'. Either include it or remove the dependency array               react-hooks/exhaustive-deps
  Line 136:38:  React Hook useEffect has a missing dependency: 'fetchUsers'. Either include it or remove the dependency array           react-hooks/exhaustive-deps
  Line 274:6:   React Hook useEffect has a missing dependency: 'fetchAllChats'. Either include it or remove the dependency array        react-hooks/exhaustive-deps
  Line 283:6:   React Hook useEffect has a missing dependency: 'fetchMessages'. Either include it or remove the dependency array        react-hooks/exhaustive-deps

src\components\CheckoutPage.js
  Line 83:6:  React Hook useEffect has a missing dependency: 'authHeader'. Either include it or remove the dependency array  react-hooks/exhaustive-deps

src\components\PetAdoption.js
  Line 40:6:    React Hook useEffect has a missing dependency: 'fetchPets'. Either include it or remove the dependency array                                                                                     react-hooks/exhaustive-deps
  Line 48:6:    React Hook useEffect has a missing dependency: 'applyFilters'. Either include it or remove the dependency array                                                                                  react-hooks/exhaustive-deps
  Line 272:19:  Redundant alt attribute. Screen-readers already announce `img` tags as an image. You don’t need to use the words `image`, `photo,` or `picture` (or any specified custom words) in the alt prop  jsx-a11y/img-redundant-alt

Search for the keywords to learn more about each warning.
To ignore, add // eslint-disable-next-line to the line before.

[1m[33mWARNING[39m[22m in [1m[eslint] 
src\App.js
  Line 22:8:  'UserSidebar' is defined but never used  no-unused-vars

src\RolesDashboard\UserDash.js
  Line 44:10:  'isUploaded' is assigned a value but never used                                                                   no-unused-vars
  Line 148:6:  React Hook useEffect has a missing dependency: 'config'. Either include it or remove the dependency array         react-hooks/exhaustive-deps
  Line 179:6:  React Hook useEffect has a missing dependency: 'token'. Either include it or remove the dependency array          react-hooks/exhaustive-deps
  Line 275:6:  React Hook useEffect has a missing dependency: 'config'. Either include it or remove the dependency array         react-hooks/exhaustive-deps
  Line 324:6:  React Hook useEffect has a missing dependency: 'fetchAllChats'. Either include it or remove the dependency array  react-hooks/exhaustive-deps
  Line 333:6:  React Hook useEffect has a missing dependency: 'fetchMessages'. Either include it or remove the dependency array  react-hooks/exhaustive-deps

src\RolesDashboard\VetDash.js
  Line 77:37:   React Hook useEffect has a missing dependency: 'fetchData'. Either include it or remove the dependency array            react-hooks/exhaustive-deps
  Line 78:47:   React Hook useEffect has a missing dependency: 'fetchAvailableSlots'. Either include it or remove the dependency array  react-hooks/exhaustive-deps
  Line 124:6:   React Hook useEffect has a missing dependency: 'config'. Either include it or remove the dependency array               react-hooks/exhaustive-deps
  Line 136:38:  React Hook useEffect has a missing dependency: 'fetchUsers'. Either include it or remove the dependency array           react-hooks/exhaustive-deps
  Line 274:6:   React Hook useEffect has a missing dependency: 'fetchAllChats'. Either include it or remove the dependency array        react-hooks/exhaustive-deps
  Line 283:6:   React Hook useEffect has a missing dependency: 'fetchMessages'. Either include it or remove the dependency array        react-hooks/exhaustive-deps

src\components\CheckoutPage.js
  Line 83:6:  React Hook useEffect has a missing dependency: 'authHeader'. Either include it or remove the dependency array  react-hooks/exhaustive-deps

src\components\PetAdoption.js
  Line 40:6:    React Hook useEffect has a missing dependency: 'fetchPets'. Either include it or remove the dependency array                                                                                     react-hooks/exhaustive-deps
  Line 48:6:    React Hook useEffect has a missing dependency: 'applyFilters'. Either include it or remove the dependency array                                                                                  react-hooks/exhaustive-deps
  Line 272:19:  Redundant alt attribute. Screen-readers already announce `img` tags as an image. You don’t need to use the words `image`, `photo,` or `picture` (or any specified custom words) in the alt prop  jsx-a11y/img-redundant-alt

[39m[22m

webpack compiled with [1m[33m1 warning[39m[22m
Compiling...
Compiled with warnings.

[eslint] 
src\App.js
  Line 22:8:  'UserSidebar' is defined but never used  no-unused-vars

src\RolesDashboard\UserDash.js
  Line 44:10:  'isUploaded' is assigned a value but never used                                                                   no-unused-vars
  Line 148:6:  React Hook useEffect has a missing dependency: 'config'. Either include it or remove the dependency array         react-hooks/exhaustive-deps
  Line 179:6:  React Hook useEffect has a missing dependency: 'token'. Either include it or remove the dependency array          react-hooks/exhaustive-deps
  Line 275:6:  React Hook useEffect has a missing dependency: 'config'. Either include it or remove the dependency array         react-hooks/exhaustive-deps
  Line 324:6:  React Hook useEffect has a missing dependency: 'fetchAllChats'. Either include it or remove the dependency array  react-hooks/exhaustive-deps
  Line 333:6:  React Hook useEffect has a missing dependency: 'fetchMessages'. Either include it or remove the dependency array  react-hooks/exhaustive-deps

src\RolesDashboard\VetDash.js
  Line 77:37:   React Hook useEffect has a missing dependency: 'fetchData'. Either include it or remove the dependency array            react-hooks/exhaustive-deps
  Line 78:47:   React Hook useEffect has a missing dependency: 'fetchAvailableSlots'. Either include it or remove the dependency array  react-hooks/exhaustive-deps
  Line 124:6:   React Hook useEffect has a missing dependency: 'config'. Either include it or remove the dependency array               react-hooks/exhaustive-deps
  Line 136:38:  React Hook useEffect has a missing dependency: 'fetchUsers'. Either include it or remove the dependency array           react-hooks/exhaustive-deps
  Line 274:6:   React Hook useEffect has a missing dependency: 'fetchAllChats'. Either include it or remove the dependency array        react-hooks/exhaustive-deps
  Line 283:6:   React Hook useEffect has a missing dependency: 'fetchMessages'. Either include it or remove the dependency array        react-hooks/exhaustive-deps

src\components\CheckoutPage.js
  Line 83:6:  React Hook useEffect has a missing dependency: 'authHeader'. Either include it or remove the dependency array  react-hooks/exhaustive-deps

src\components\PetAdoption.js
  Line 40:6:    React Hook useEffect has a missing dependency: 'fetchPets'. Either include it or remove the dependency array                                                                                     react-hooks/exhaustive-deps
  Line 48:6:    React Hook useEffect has a missing dependency: 'applyFilters'. Either include it or remove the dependency array                                                                                  react-hooks/exhaustive-deps
  Line 272:19:  Redundant alt attribute. Screen-readers already announce `img` tags as an image. You don’t need to use the words `image`, `photo,` or `picture` (or any specified custom words) in the alt prop  jsx-a11y/img-redundant-alt

Search for the keywords to learn more about each warning.
To ignore, add // eslint-disable-next-line to the line before.

[1m[33mWARNING[39m[22m in [1m[eslint] 
src\App.js
  Line 22:8:  'UserSidebar' is defined but never used  no-unused-vars

src\RolesDashboard\UserDash.js
  Line 44:10:  'isUploaded' is assigned a value but never used                                                                   no-unused-vars
  Line 148:6:  React Hook useEffect has a missing dependency: 'config'. Either include it or remove the dependency array         react-hooks/exhaustive-deps
  Line 179:6:  React Hook useEffect has a missing dependency: 'token'. Either include it or remove the dependency array          react-hooks/exhaustive-deps
  Line 275:6:  React Hook useEffect has a missing dependency: 'config'. Either include it or remove the dependency array         react-hooks/exhaustive-deps
  Line 324:6:  React Hook useEffect has a missing dependency: 'fetchAllChats'. Either include it or remove the dependency array  react-hooks/exhaustive-deps
  Line 333:6:  React Hook useEffect has a missing dependency: 'fetchMessages'. Either include it or remove the dependency array  react-hooks/exhaustive-deps

src\RolesDashboard\VetDash.js
  Line 77:37:   React Hook useEffect has a missing dependency: 'fetchData'. Either include it or remove the dependency array            react-hooks/exhaustive-deps
  Line 78:47:   React Hook useEffect has a missing dependency: 'fetchAvailableSlots'. Either include it or remove the dependency array  react-hooks/exhaustive-deps
  Line 124:6:   React Hook useEffect has a missing dependency: 'config'. Either include it or remove the dependency array               react-hooks/exhaustive-deps
  Line 136:38:  React Hook useEffect has a missing dependency: 'fetchUsers'. Either include it or remove the dependency array           react-hooks/exhaustive-deps
  Line 274:6:   React Hook useEffect has a missing dependency: 'fetchAllChats'. Either include it or remove the dependency array        react-hooks/exhaustive-deps
  Line 283:6:   React Hook useEffect has a missing dependency: 'fetchMessages'. Either include it or remove the dependency array        react-hooks/exhaustive-deps

src\components\CheckoutPage.js
  Line 83:6:  React Hook useEffect has a missing dependency: 'authHeader'. Either include it or remove the dependency array  react-hooks/exhaustive-deps

src\components\PetAdoption.js
  Line 40:6:    React Hook useEffect has a missing dependency: 'fetchPets'. Either include it or remove the dependency array                                                                                     react-hooks/exhaustive-deps
  Line 48:6:    React Hook useEffect has a missing dependency: 'applyFilters'. Either include it or remove the dependency array                                                                                  react-hooks/exhaustive-deps
  Line 272:19:  Redundant alt attribute. Screen-readers already announce `img` tags as an image. You don’t need to use the words `image`, `photo,` or `picture` (or any specified custom words) in the alt prop  jsx-a11y/img-redundant-alt

[39m[22m

webpack compiled with [1m[33m1 warning[39m[22m
Compiling...
Compiled with warnings.

[eslint] 
src\App.js
  Line 22:8:  'UserSidebar' is defined but never used  no-unused-vars

src\RolesDashboard\UserDash.js
  Line 44:10:  'isUploaded' is assigned a value but never used                                                                   no-unused-vars
  Line 148:6:  React Hook useEffect has a missing dependency: 'config'. Either include it or remove the dependency array         react-hooks/exhaustive-deps
  Line 179:6:  React Hook useEffect has a missing dependency: 'token'. Either include it or remove the dependency array          react-hooks/exhaustive-deps
  Line 275:6:  React Hook useEffect has a missing dependency: 'config'. Either include it or remove the dependency array         react-hooks/exhaustive-deps
  Line 324:6:  React Hook useEffect has a missing dependency: 'fetchAllChats'. Either include it or remove the dependency array  react-hooks/exhaustive-deps
  Line 333:6:  React Hook useEffect has a missing dependency: 'fetchMessages'. Either include it or remove the dependency array  react-hooks/exhaustive-deps

src\RolesDashboard\VetDash.js
  Line 77:37:   React Hook useEffect has a missing dependency: 'fetchData'. Either include it or remove the dependency array            react-hooks/exhaustive-deps
  Line 78:47:   React Hook useEffect has a missing dependency: 'fetchAvailableSlots'. Either include it or remove the dependency array  react-hooks/exhaustive-deps
  Line 124:6:   React Hook useEffect has a missing dependency: 'config'. Either include it or remove the dependency array               react-hooks/exhaustive-deps
  Line 136:38:  React Hook useEffect has a missing dependency: 'fetchUsers'. Either include it or remove the dependency array           react-hooks/exhaustive-deps
  Line 274:6:   React Hook useEffect has a missing dependency: 'fetchAllChats'. Either include it or remove the dependency array        react-hooks/exhaustive-deps
  Line 283:6:   React Hook useEffect has a missing dependency: 'fetchMessages'. Either include it or remove the dependency array        react-hooks/exhaustive-deps

src\components\CheckoutPage.js
  Line 94:6:  React Hook useEffect has a missing dependency: 'authHeader'. Either include it or remove the dependency array  react-hooks/exhaustive-deps

src\components\PetAdoption.js
  Line 40:6:    React Hook useEffect has a missing dependency: 'fetchPets'. Either include it or remove the dependency array                                                                                     react-hooks/exhaustive-deps
  Line 48:6:    React Hook useEffect has a missing dependency: 'applyFilters'. Either include it or remove the dependency array                                                                                  react-hooks/exhaustive-deps
  Line 272:19:  Redundant alt attribute. Screen-readers already announce `img` tags as an image. You don’t need to use the words `image`, `photo,` or `picture` (or any specified custom words) in the alt prop  jsx-a11y/img-redundant-alt

Search for the keywords to learn more about each warning.
To ignore, add // eslint-disable-next-line to the line before.

[1m[33mWARNING[39m[22m in [1m[eslint] 
src\App.js
  Line 22:8:  'UserSidebar' is defined but never used  no-unused-vars

src\RolesDashboard\UserDash.js
  Line 44:10:  'isUploaded' is assigned a value but never used                                                                   no-unused-vars
  Line 148:6:  React Hook useEffect has a missing dependency: 'config'. Either include it or remove the dependency array         react-hooks/exhaustive-deps
  Line 179:6:  React Hook useEffect has a missing dependency: 'token'. Either include it or remove the dependency array          react-hooks/exhaustive-deps
  Line 275:6:  React Hook useEffect has a missing dependency: 'config'. Either include it or remove the dependency array         react-hooks/exhaustive-deps
  Line 324:6:  React Hook useEffect has a missing dependency: 'fetchAllChats'. Either include it or remove the dependency array  react-hooks/exhaustive-deps
  Line 333:6:  React Hook useEffect has a missing dependency: 'fetchMessages'. Either include it or remove the dependency array  react-hooks/exhaustive-deps

src\RolesDashboard\VetDash.js
  Line 77:37:   React Hook useEffect has a missing dependency: 'fetchData'. Either include it or remove the dependency array            react-hooks/exhaustive-deps
  Line 78:47:   React Hook useEffect has a missing dependency: 'fetchAvailableSlots'. Either include it or remove the dependency array  react-hooks/exhaustive-deps
  Line 124:6:   React Hook useEffect has a missing dependency: 'config'. Either include it or remove the dependency array               react-hooks/exhaustive-deps
  Line 136:38:  React Hook useEffect has a missing dependency: 'fetchUsers'. Either include it or remove the dependency array           react-hooks/exhaustive-deps
  Line 274:6:   React Hook useEffect has a missing dependency: 'fetchAllChats'. Either include it or remove the dependency array        react-hooks/exhaustive-deps
  Line 283:6:   React Hook useEffect has a missing dependency: 'fetchMessages'. Either include it or remove the dependency array        react-hooks/exhaustive-deps

src\components\CheckoutPage.js
  Line 94:6:  React Hook useEffect has a missing dependency: 'authHeader'. Either include it or remove the dependency array  react-hooks/exhaustive-deps

src\components\PetAdoption.js
  Line 40:6:    React Hook useEffect has a missing dependency: 'fetchPets'. Either include it or remove the dependency array                                                                                     react-hooks/exhaustive-deps
  Line 48:6:    React Hook useEffect has a missing dependency: 'applyFilters'. Either include it or remove the dependency array                                                                                  react-hooks/exhaustive-deps
  Line 272:19:  Redundant alt attribute. Screen-readers already announce `img` tags as an image. You don’t need to use the words `image`, `photo,` or `picture` (or any specified custom words) in the alt prop  jsx-a11y/img-redundant-alt

[39m[22m

webpack compiled with [1m[33m1 warning[39m[22m
